project_id,target_locale
1,es-ES
1,ja-JP
1,de-DE
1,fr-FR
2,zh-CN
2,de-DE
3,ko-KR
3,ja-JP
3,es-ES
4,fr-FR
4,ja-JP
4,ko-KR
4,es-ES
5,es-ES
5,fr-FR
5,it-IT
5,de-DE
6,ko-KR
6,es-ES
6,fr-FR
7,de-DE
7,en-US
7,fr-FR
7,ja-JP
8,ko-KR
9,pt-BR
9,de-DE
9,ja-JP
9,es-ES
10,da-DK
10,de-DE
11,es-ES
11,fr-FR
11,it-IT
11,de-DE
11,ja-JP
12,en-GB
12,de-DE
12,fr-FR
13,de-DE
13,fr-FR
14,ja-JP
14,ko-KR
14,es-ES
15,es-ES
16,fr-FR
16,de-DE
16,es-ES
16,da-DK
17,en-US
18,it-IT
18,es-ES
19,fr-FR
19,zh-CN
19,de-DE
19,es-ES
20,fr-FR
20,ja-JP
21,de-DE
22,ja-JP
23,en-GB
24,es-ES
24,pt-BR
24,fr-FR
24,it-IT
24,de-DE
25,ja-JP
25,de-DE
25,es-ES
25,fr-FR
26,fr-FR
26,de-DE
26,zh-CN
27,de-DE
27,fr-FR
28,ja-JP
28,ko-KR
28,es-ES
28,fr-FR
28,de-DE
29,de-DE
29,pt-BR
30,de-DE
30,fr-FR
30,en-GB
31,es-ES
31,de-DE
31,ja-JP
31,fr-FR
32,de-DE
32,fr-FR
32,ja-JP
32,es-ES
33,ja-JP
34,de-DE
34,da-DK
34,es-ES
34,fr-FR
35,ja-JP
35,fr-FR
36,de-DE
36,ja-JP
36,fr-FR
37,ja-JP
37,fr-FR
38,de-DE
38,ja-JP
39,fr-FR
39,zh-CN
39,ko-KR
40,fr-FR
40,de-DE
40,zh-CN
41,ja-JP
42,it-IT
42,pt-BR
42,de-DE
42,fr-FR
43,ko-KR
43,fr-FR
44,de-DE
44,fr-FR
44,en-GB
45,ja-JP
46,zh-CN
46,fr-FR
46,de-DE
47,pt-BR
47,es-ES
47,fr-FR
48,it-IT
48,pt-BR
48,fr-FR
48,de-DE
48,es-ES
49,es-ES
49,de-DE
50,ja-JP
50,de-DE
50,zh-CN
51,en-GB
51,fr-FR
52,ja-JP
52,fr-FR
53,da-DK
53,fr-FR
54,fr-FR
54,ja-JP
54,de-DE
55,fr-FR
56,es-ES
57,it-IT
57,fr-FR
58,ja-JP
58,de-DE
58,es-ES
58,fr-FR
59,it-IT
60,nl-NL
60,es-ES
60,de-DE
60,it-IT
60,fr-FR
61,es-ES
61,de-DE
61,ja-JP
61,fr-FR
62,zh-CN
62,ko-KR
62,ja-JP
63,ja-JP
63,zh-CN
63,de-DE
63,ko-KR
63,fr-FR
64,de-DE
64,it-IT
65,de-DE
65,ja-JP
65,fr-FR
66,de-DE
66,fr-FR
66,en-US
66,es-ES
67,de-DE
67,ja-JP
68,it-IT
68,de-DE
68,es-ES
69,es-ES
69,de-DE
69,fr-FR
70,ko-KR
70,ja-JP
70,es-ES
70,de-DE
70,fr-FR
71,de-DE
71,en-GB
71,fr-FR
72,ja-JP
72,de-DE
73,fr-FR
73,ja-JP
73,de-DE
74,it-IT
74,fr-FR
74,es-ES
74,ja-JP
74,de-DE
75,de-DE
75,ja-JP
75,fr-FR
75,es-ES
76,zh-CN
76,ja-JP
77,nl-NL
78,de-DE
78,es-ES
78,fr-FR
78,en-US
79,en-GB
79,fr-FR
79,de-DE
80,fr-FR
80,en-GB
80,de-DE
81,ko-KR
81,fr-FR
81,de-DE
81,zh-CN
82,de-DE
82,ja-JP
82,es-ES
82,fr-FR
83,fr-FR
83,de-DE
83,zh-CN
84,fr-FR
84,es-ES
85,zh-CN
85,fr-FR
85,ko-KR
85,ja-JP
85,de-DE
86,it-IT
86,de-DE
86,nl-NL
86,pl-PL
86,es-ES
87,it-IT
87,de-DE
88,ja-JP
88,es-ES
88,de-DE
88,fr-FR
89,fr-FR
89,ja-JP
89,zh-CN
90,de-DE
90,es-ES
90,fr-FR
91,fr-FR
91,en-GB
91,de-DE
92,fr-FR
92,es-ES
92,ko-KR
92,de-DE
92,ja-JP
93,de-DE
93,it-IT
93,es-ES
93,nl-NL
93,fr-FR
93,pl-PL
94,de-DE
94,es-ES
94,fr-FR
95,de-DE
96,en-US
96,de-DE
96,fr-FR
96,ja-JP
97,ja-JP
97,fr-FR
97,es-ES
97,de-DE
97,it-IT
98,de-DE
98,zh-CN
98,es-ES
99,ja-JP
99,it-IT
99,de-DE
99,fr-FR
99,es-ES
100,en-US
100,de-DE
100,ja-JP
100,fr-FR
101,en-US
101,fr-FR
101,de-DE
102,fr-FR
102,es-ES
102,it-IT
102,nl-NL
102,de-DE
102,pl-PL
103,de-DE
103,es-ES
103,ja-JP
103,fr-FR
104,zh-CN
104,es-ES
104,fr-FR
104,de-DE
105,ja-JP
105,fr-FR
105,de-DE
105,es-ES
106,fr-FR
106,de-DE
106,zh-CN
107,es-ES
107,ja-JP
107,it-IT
107,de-DE
107,fr-FR
108,es-ES
108,pt-BR
108,it-IT
108,fr-FR
108,de-DE
109,fr-FR
109,de-DE
110,de-DE
110,fr-FR
110,en-US
110,ja-JP
111,fr-FR
111,de-DE
111,es-ES
111,ja-JP
112,es-ES
112,fr-FR
112,ja-JP
112,de-DE
113,fr-FR
113,en-GB
113,de-DE
114,fr-FR
114,da-DK
114,es-ES
114,de-DE
115,es-ES
115,fr-FR
115,de-DE
116,de-DE
116,fr-FR
116,es-ES
116,da-DK
117,de-DE
117,en-GB
118,es-ES
118,ja-JP
118,fr-FR
118,de-DE
119,es-ES
120,fr-FR
121,de-DE
121,en-GB
121,fr-FR
122,ja-JP
122,fr-FR
123,de-DE
123,ja-JP
123,pt-BR
123,fr-FR
123,es-ES
124,ko-KR
124,fr-FR
124,de-DE
124,ja-JP
124,es-ES
125,de-DE
125,fr-FR
125,ja-JP
126,de-DE
126,ja-JP
126,es-ES
126,it-IT
127,zh-CN
127,de-DE
127,ko-KR
128,fr-FR
128,ja-JP
128,de-DE
128,es-ES
129,zh-CN
130,fr-FR
130,ko-KR
130,zh-CN
130,de-DE
130,ja-JP
131,de-DE
131,pt-BR
131,fr-FR
131,ja-JP
132,da-DK
133,es-ES
133,de-DE
133,en-GB
133,ja-JP
134,de-DE
134,fr-FR
134,en-GB
135,ja-JP
135,de-DE
135,fr-FR
135,es-ES
136,fr-FR
136,es-ES
136,de-DE
136,en-US
137,es-ES
137,ja-JP
137,it-IT
137,fr-FR
137,de-DE
138,ko-KR
138,es-ES
138,ja-JP
139,pt-BR
140,zh-CN
140,fr-FR
140,de-DE
141,ja-JP
141,fr-FR
142,ja-JP
142,es-ES
142,zh-CN
142,fr-FR
142,de-DE
143,de-DE
143,es-ES
143,pt-BR
143,ja-JP
144,es-ES
144,nl-NL
144,de-DE
145,de-DE
145,ja-JP
145,it-IT
146,fr-FR
146,ja-JP
147,es-ES
147,ja-JP
147,ko-KR
147,de-DE
148,de-DE
148,es-ES
148,ja-JP
148,it-IT
148,fr-FR
149,zh-CN
149,de-DE
150,it-IT
150,es-ES
150,pl-PL
150,nl-NL
150,de-DE
151,ja-JP
151,fr-FR
151,de-DE
151,es-ES
152,ja-JP
152,es-ES
152,fr-FR
152,ko-KR
153,es-ES
153,ko-KR
153,de-DE
154,it-IT
154,es-ES
155,fr-FR
155,zh-CN
155,de-DE
156,fr-FR
156,ja-JP
156,es-ES
156,de-DE
157,ja-JP
157,it-IT
158,fr-FR
158,it-IT
158,nl-NL
158,pl-PL
158,de-DE
158,es-ES
159,de-DE
160,fr-FR
160,de-DE
160,en-GB
161,de-DE
162,fr-FR
162,ja-JP
162,ko-KR
163,en-GB
163,ja-JP
163,es-ES
163,de-DE
163,fr-FR
164,de-DE
164,zh-CN
164,fr-FR
165,es-ES
166,es-ES
166,de-DE
166,fr-FR
166,ja-JP
167,ja-JP
168,es-ES
169,fr-FR
169,de-DE
169,ja-JP
170,es-ES
170,fr-FR
170,ja-JP
170,de-DE
171,pt-BR
171,es-ES
171,fr-FR
171,de-DE
171,it-IT
172,es-ES
172,ja-JP
172,de-DE
172,fr-FR
173,fr-FR
173,es-ES
173,ja-JP
173,de-DE
174,de-DE
174,es-ES
174,zh-CN
174,fr-FR
175,de-DE
175,fr-FR
175,zh-CN
175,ja-JP
176,de-DE
176,es-ES
176,fr-FR
177,es-ES
177,it-IT
177,ja-JP
178,es-ES
178,en-US
178,fr-FR
178,de-DE
179,fr-FR
179,ja-JP
180,de-DE
180,es-ES
181,es-ES
181,ja-JP
181,de-DE
181,fr-FR
182,fr-FR
182,en-GB
182,ja-JP
182,es-ES
182,de-DE
183,de-DE
184,fr-FR
184,de-DE
184,zh-CN
185,en-GB
185,de-DE
186,fr-FR
187,de-DE
187,ko-KR
187,zh-CN
187,fr-FR
187,ja-JP
188,fr-FR
188,en-GB
188,de-DE
189,de-DE
189,en-GB
189,fr-FR
190,it-IT
190,de-DE
191,fr-FR
191,zh-CN
192,de-DE
192,zh-CN
192,es-ES
192,fr-FR
193,ko-KR
193,es-ES
193,ja-JP
193,de-DE
193,fr-FR
194,de-DE
195,ko-KR
195,fr-FR
196,ko-KR
196,de-DE
196,ja-JP
196,zh-CN
196,fr-FR
197,fr-FR
197,es-ES
197,de-DE
197,ja-JP
197,ko-KR
198,it-IT
198,de-DE
198,es-ES
199,ja-JP
199,fr-FR
199,de-DE
199,es-ES
200,en-GB
201,en-US
201,ja-JP
201,fr-FR
201,de-DE
202,de-DE
203,zh-CN
203,ja-JP
203,fr-FR
203,de-DE
203,es-ES
204,fr-FR
204,de-DE
204,ja-JP
205,en-GB
206,es-ES
207,es-ES
207,ko-KR
208,es-ES
209,fr-FR
209,de-DE
210,fr-FR
210,ja-JP
210,es-ES
210,zh-CN
210,de-DE
211,de-DE
211,fr-FR
212,fr-FR
213,es-ES
213,fr-FR
213,de-DE
213,en-US
214,pl-PL
214,fr-FR
214,es-ES
214,de-DE
214,it-IT
214,nl-NL
215,es-ES
215,ja-JP
215,fr-FR
216,ja-JP
216,de-DE
216,fr-FR
217,de-DE
218,fr-FR
219,fr-FR
219,ja-JP
219,es-ES
219,de-DE
220,de-DE
220,fr-FR
220,es-ES
221,es-ES
221,fr-FR
221,de-DE
221,ja-JP
222,ko-KR
223,es-ES
223,de-DE
223,ja-JP
223,fr-FR
224,fr-FR
224,de-DE
224,es-ES
224,ko-KR
224,ja-JP
225,fr-FR
225,nl-NL
226,fr-FR
226,de-DE
227,es-ES
228,es-ES
228,en-US
228,fr-FR
228,de-DE
229,es-ES
230,ko-KR
230,zh-CN
231,es-ES
231,ja-JP
231,fr-FR
231,de-DE
231,it-IT
232,de-DE
232,fr-FR
232,es-ES
232,ja-JP
233,it-IT
233,de-DE
233,nl-NL
233,fr-FR
234,ja-JP
234,fr-FR
235,de-DE
235,es-ES
235,da-DK
235,fr-FR
236,da-DK
236,es-ES
236,de-DE
236,fr-FR
237,fr-FR
237,ja-JP
237,de-DE
237,zh-CN
238,fr-FR
238,es-ES
238,ja-JP
238,de-DE
239,fr-FR
239,es-ES
239,de-DE
239,zh-CN
240,ja-JP
240,fr-FR
240,de-DE
240,ko-KR
240,zh-CN
241,ja-JP
241,de-DE
241,es-ES
241,fr-FR
242,fr-FR
242,ko-KR
243,es-ES
243,de-DE
243,ko-KR
244,fr-FR
244,it-IT
244,pt-BR
244,es-ES
245,de-DE
246,es-ES
247,de-DE
248,fr-FR
248,de-DE
248,nl-NL
248,it-IT
249,ja-JP
249,de-DE
249,fr-FR
250,ja-JP
250,de-DE
250,fr-FR
251,es-ES
251,ja-JP
251,fr-FR
251,de-DE
252,es-ES
252,fr-FR
253,it-IT
253,de-DE
253,fr-FR
253,ja-JP
253,es-ES
254,fr-FR
254,de-DE
254,ja-JP
254,zh-CN
255,de-DE
255,en-GB
255,fr-FR
256,de-DE
256,ko-KR
256,fr-FR
256,ja-JP
257,es-ES
257,it-IT
257,fr-FR
258,en-US
258,fr-FR
258,de-DE
259,ja-JP
259,es-ES
259,de-DE
259,it-IT
259,fr-FR
260,ja-JP
261,en-GB
261,fr-FR
262,es-ES
262,it-IT
262,fr-FR
262,de-DE
263,it-IT
264,fr-FR
264,ja-JP
264,it-IT
264,es-ES
264,de-DE
265,ja-JP
265,it-IT
265,de-DE
265,fr-FR
265,es-ES
266,ja-JP
266,es-ES
266,fr-FR
266,de-DE
267,ja-JP
267,fr-FR
267,ko-KR
267,es-ES
267,de-DE
268,fr-FR
268,de-DE
268,ja-JP
268,zh-CN
269,de-DE
269,fr-FR
269,en-US
269,ja-JP
270,en-GB
270,fr-FR
270,de-DE
271,it-IT
271,es-ES
271,fr-FR
271,pt-BR
271,de-DE
272,ja-JP
272,fr-FR
272,ko-KR
272,de-DE
272,zh-CN
273,de-DE
273,ja-JP
273,es-ES
273,fr-FR
274,fr-FR
274,ja-JP
274,de-DE
274,es-ES
274,zh-CN
275,es-ES
275,zh-CN
275,fr-FR
275,de-DE
276,de-DE
276,en-US
277,es-ES
277,fr-FR
277,it-IT
277,ja-JP
277,de-DE
278,ja-JP
278,es-ES
278,it-IT
278,fr-FR
278,de-DE
279,en-GB
279,de-DE
279,fr-FR
280,ja-JP
280,es-ES
280,fr-FR
280,de-DE
280,zh-CN
281,de-DE
281,es-ES
282,zh-CN
282,fr-FR
282,de-DE
283,ja-JP
283,fr-FR
283,es-ES
283,de-DE
284,en-GB
284,fr-FR
284,de-DE
285,fr-FR
285,de-DE
285,ja-JP
285,es-ES
286,de-DE
286,fr-FR
287,zh-CN
287,de-DE
287,ja-JP
287,fr-FR
288,pt-BR
288,it-IT
288,es-ES
289,de-DE
289,fr-FR
289,en-US
289,ja-JP
290,de-DE
290,es-ES
291,fr-FR
291,es-ES
291,de-DE
291,it-IT
292,zh-CN
292,de-DE
292,fr-FR
293,fr-FR
293,de-DE
293,ja-JP
294,de-DE
294,ja-JP
294,es-ES
294,fr-FR
295,ja-JP
295,de-DE
296,fr-FR
297,fr-FR
297,de-DE
297,ja-JP
297,zh-CN
298,de-DE
298,es-ES
299,zh-CN
299,fr-FR
300,ja-JP
300,es-ES
300,fr-FR
300,de-DE
301,es-ES
301,ko-KR
302,ko-KR
302,ja-JP
302,fr-FR
303,ko-KR
303,es-ES
303,fr-FR
303,ja-JP
303,de-DE
304,ja-JP
304,de-DE
304,fr-FR
304,es-ES
305,it-IT
305,fr-FR
305,nl-NL
305,de-DE
306,en-US
306,fr-FR
306,es-ES
306,de-DE
307,ja-JP
307,de-DE
307,es-ES
307,fr-FR
308,de-DE
308,fr-FR
309,ja-JP
310,it-IT
310,fr-FR
310,ja-JP
310,de-DE
310,es-ES
311,ja-JP
311,fr-FR
312,zh-CN
313,fr-FR
313,ko-KR
313,ja-JP
314,fr-FR
315,ko-KR
315,fr-FR
315,ja-JP
315,de-DE
315,es-ES
316,ja-JP
316,es-ES
316,fr-FR
317,de-DE
317,zh-CN
317,fr-FR
317,ja-JP
317,ko-KR
318,fr-FR
318,de-DE
318,ja-JP
319,fr-FR
319,es-ES
319,de-DE
319,ja-JP
320,fr-FR
321,de-DE
321,nl-NL
321,fr-FR
321,es-ES
321,it-IT
322,ja-JP
322,de-DE
322,es-ES
322,fr-FR
322,ko-KR
323,de-DE
323,fr-FR
323,en-GB
324,zh-CN
324,fr-FR
324,de-DE
325,de-DE
326,ja-JP
326,de-DE
326,ko-KR
326,fr-FR
326,es-ES
327,de-DE
327,es-ES
328,es-ES
328,ja-JP
328,fr-FR
329,fr-FR
329,es-ES
329,de-DE
329,en-US
330,es-ES
331,fr-FR
331,de-DE
331,en-GB
332,da-DK
332,de-DE
333,ja-JP
333,ko-KR
333,de-DE
334,pl-PL
334,fr-FR
335,de-DE
335,fr-FR
335,ko-KR
335,ja-JP
336,en-US
336,de-DE
336,ja-JP
336,fr-FR
337,it-IT
337,de-DE
337,ja-JP
337,fr-FR
337,es-ES
338,fr-FR
338,de-DE
338,zh-CN
339,en-US
339,fr-FR
339,es-ES
339,de-DE
340,zh-CN
340,fr-FR
340,de-DE
341,ko-KR
341,fr-FR
341,ja-JP
342,de-DE
342,fr-FR
342,ja-JP
342,it-IT
342,es-ES
343,de-DE
343,it-IT
343,pl-PL
343,nl-NL
343,es-ES
344,pt-BR
345,fr-FR
345,de-DE
345,en-GB
346,zh-CN
346,de-DE
346,fr-FR
347,ja-JP
347,de-DE
347,es-ES
347,fr-FR
348,es-ES
348,fr-FR
348,ja-JP
348,de-DE
348,it-IT
349,de-DE
349,zh-CN
349,fr-FR
349,es-ES
349,ja-JP
350,fr-FR
350,zh-CN
351,es-ES
351,ja-JP
351,de-DE
351,fr-FR
352,de-DE
352,zh-CN
352,ko-KR
352,fr-FR
352,ja-JP
353,ja-JP
353,de-DE
353,en-US
353,fr-FR
354,ja-JP
355,de-DE
356,de-DE
356,fr-FR
357,de-DE
357,ja-JP
357,es-ES
357,ko-KR
358,fr-FR
359,es-ES
359,en-GB
359,ja-JP
359,de-DE
360,en-GB
361,de-DE
361,es-ES
362,fr-FR
362,it-IT
362,de-DE
363,zh-CN
363,fr-FR
364,fr-FR
364,de-DE
364,zh-CN
365,da-DK
365,es-ES
366,de-DE
366,fr-FR
366,ja-JP
366,es-ES
367,ja-JP
368,de-DE
368,en-GB
368,fr-FR
369,nl-NL
370,fr-FR
370,en-GB
370,de-DE
371,ja-JP
371,en-GB
371,fr-FR
371,es-ES
371,de-DE
372,es-ES
372,fr-FR
373,de-DE
373,fr-FR
373,zh-CN
374,de-DE
374,fr-FR
374,en-GB
375,fr-FR
375,zh-CN
375,es-ES
375,de-DE
376,de-DE
376,it-IT
376,ja-JP
377,de-DE
377,fr-FR
377,zh-CN
378,ja-JP
378,en-US
378,de-DE
378,fr-FR
379,en-US
379,de-DE
379,fr-FR
379,ja-JP
380,ja-JP
380,fr-FR
380,es-ES
380,de-DE
381,fr-FR
381,de-DE
382,fr-FR
382,en-GB
382,de-DE
383,de-DE
383,pt-BR
383,es-ES
384,es-ES
384,de-DE
384,ja-JP
384,fr-FR
385,ja-JP
385,de-DE
385,ko-KR
385,fr-FR
386,es-ES
386,ja-JP
386,de-DE
386,fr-FR
387,de-DE
387,fr-FR
388,it-IT
388,de-DE
388,ja-JP
389,ja-JP
390,fr-FR
390,es-ES
390,da-DK
390,de-DE
391,de-DE
391,es-ES
391,fr-FR
391,da-DK
392,en-GB
392,fr-FR
392,de-DE
393,de-DE
393,it-IT
393,es-ES
393,fr-FR
394,fr-FR
395,de-DE
396,es-ES
396,de-DE
396,ko-KR
396,fr-FR
396,ja-JP
397,de-DE
398,de-DE
398,fr-FR
398,en-GB
399,de-DE
400,de-DE
400,pt-BR
400,fr-FR
401,ko-KR
401,ja-JP
401,fr-FR
402,es-ES
402,de-DE
402,fr-FR
402,en-US
403,de-DE
403,ja-JP
403,fr-FR
403,es-ES
403,zh-CN
404,fr-FR
404,de-DE
404,ja-JP
404,ko-KR
404,zh-CN
405,fr-FR
405,en-GB
405,de-DE
406,ja-JP
406,de-DE
406,fr-FR
406,en-US
407,es-ES
407,fr-FR
407,it-IT
407,ja-JP
407,de-DE
408,en-US
408,de-DE
408,ja-JP
408,fr-FR
409,es-ES
410,fr-FR
410,zh-CN
410,ko-KR
410,de-DE
410,ja-JP
411,ja-JP
411,fr-FR
412,fr-FR
413,es-ES
413,fr-FR
413,zh-CN
413,de-DE
414,es-ES
414,fr-FR
415,ja-JP
415,en-GB
415,fr-FR
416,fr-FR
416,ja-JP
416,de-DE
417,it-IT
417,pl-PL
418,es-ES
418,ja-JP
418,de-DE
419,es-ES
419,it-IT
419,de-DE
420,es-ES
420,de-DE
421,fr-FR
421,it-IT
422,fr-FR
422,es-ES
422,it-IT
422,ja-JP
422,de-DE
423,de-DE
423,fr-FR
423,es-ES
423,ja-JP
424,en-GB
424,de-DE
424,fr-FR
425,de-DE
426,de-DE
426,ja-JP
426,fr-FR
426,es-ES
427,da-DK
427,es-ES
427,fr-FR
427,de-DE
428,fr-FR
428,de-DE
428,ko-KR
428,es-ES
428,ja-JP
429,de-DE
429,ja-JP
429,fr-FR
430,de-DE
430,ja-JP
430,en-US
430,fr-FR
431,fr-FR
431,en-GB
431,de-DE
432,ja-JP
432,fr-FR
432,es-ES
433,en-GB
433,de-DE
433,fr-FR
434,ja-JP
434,de-DE
434,es-ES
435,de-DE
436,de-DE
436,zh-CN
437,fr-FR
437,de-DE
437,en-GB
438,it-IT
438,es-ES
439,it-IT
440,fr-FR
441,es-ES
441,fr-FR
442,fr-FR
442,es-ES
442,de-DE
442,ja-JP
443,da-DK
443,de-DE
443,fr-FR
443,es-ES
444,es-ES
444,ja-JP
444,de-DE
444,zh-CN
444,fr-FR
445,es-ES
445,nl-NL
446,de-DE
446,fr-FR
446,es-ES
446,ja-JP
447,zh-CN
447,ko-KR
447,de-DE
447,ja-JP
447,fr-FR
448,zh-CN
448,ko-KR
448,fr-FR
448,ja-JP
448,de-DE
449,de-DE
450,de-DE
450,ja-JP
450,ko-KR
450,fr-FR
450,es-ES
451,fr-FR
451,en-US
451,de-DE
451,ja-JP
452,ja-JP
452,de-DE
453,de-DE
454,es-ES
455,de-DE
455,ja-JP
455,fr-FR
455,en-US
456,ja-JP
456,de-DE
456,fr-FR
456,es-ES
457,en-US
457,fr-FR
457,es-ES
457,de-DE
458,ja-JP
458,es-ES
458,fr-FR
458,ko-KR
458,de-DE
459,it-IT
459,fr-FR
459,de-DE
459,ja-JP
459,es-ES
460,zh-CN
460,de-DE
460,fr-FR
461,zh-CN
461,de-DE
461,fr-FR
461,ja-JP
461,ko-KR
462,en-US
462,ja-JP
463,ja-JP
463,de-DE
464,de-DE
464,es-ES
464,it-IT
464,pt-BR
464,fr-FR
465,es-ES
465,ja-JP
465,fr-FR
465,de-DE
466,ja-JP
466,de-DE
466,es-ES
466,fr-FR
466,pt-BR
467,en-US
467,fr-FR
468,ja-JP
468,de-DE
468,fr-FR
468,es-ES
469,zh-CN
469,es-ES
469,fr-FR
469,de-DE
469,ja-JP
470,de-DE
470,ja-JP
470,fr-FR
470,ko-KR
470,zh-CN
471,ja-JP
472,es-ES
472,de-DE
472,ja-JP
473,ja-JP
473,de-DE
473,fr-FR
473,es-ES
474,ja-JP
474,fr-FR
474,de-DE
474,it-IT
474,es-ES
475,es-ES
475,de-DE
475,ja-JP
475,ko-KR
475,fr-FR
476,de-DE
477,de-DE
478,ja-JP
478,en-US
478,de-DE
478,fr-FR
479,en-US
479,de-DE
480,fr-FR
480,es-ES
481,de-DE
482,de-DE
482,zh-CN
482,ja-JP
482,fr-FR
482,es-ES
483,es-ES
483,de-DE
484,it-IT
484,fr-FR
485,es-ES
485,fr-FR
485,de-DE
485,zh-CN
486,de-DE
486,fr-FR
486,en-US
486,es-ES
487,de-DE
487,zh-CN
487,fr-FR
487,ja-JP
488,de-DE
489,de-DE
489,fr-FR
489,ko-KR
489,es-ES
489,ja-JP
490,de-DE
490,fr-FR
491,ko-KR
492,en-US
492,de-DE
493,it-IT
493,de-DE
493,fr-FR
493,ja-JP
494,ko-KR
495,de-DE
495,en-GB
495,fr-FR
496,fr-FR
497,en-US
497,de-DE
497,fr-FR
497,ja-JP
498,ja-JP
498,fr-FR
498,es-ES
499,ko-KR
499,fr-FR
499,zh-CN
499,de-DE
499,ja-JP
500,fr-FR
501,de-DE
501,fr-FR
502,es-ES
502,de-DE
502,ja-JP
502,fr-FR
502,ko-KR
503,es-ES
503,de-DE
503,ja-JP
503,fr-FR
504,de-DE
505,de-DE
506,ja-JP
506,fr-FR
506,es-ES
506,de-DE
506,ko-KR
507,ko-KR
507,ja-JP
507,fr-FR
508,es-ES
509,de-DE
509,zh-CN
509,es-ES
509,ja-JP
509,fr-FR
510,de-DE
510,zh-CN
510,fr-FR
511,de-DE
511,es-ES
511,fr-FR
512,fr-FR
512,zh-CN
512,de-DE
513,ja-JP
513,fr-FR
513,zh-CN
513,de-DE
513,ko-KR
514,fr-FR
514,zh-CN
515,fr-FR
515,es-ES
515,da-DK
516,da-DK
517,ja-JP
517,fr-FR
517,en-US
517,de-DE
518,zh-CN
518,fr-FR
519,de-DE
519,ko-KR
520,de-DE
520,en-US
520,fr-FR
520,es-ES
521,fr-FR
521,pt-BR
521,de-DE
521,it-IT
521,es-ES
522,fr-FR
523,fr-FR
523,de-DE
523,ja-JP
523,es-ES
524,fr-FR
524,es-ES
524,de-DE
525,ja-JP
525,fr-FR
525,es-ES
526,es-ES
526,nl-NL
527,it-IT
527,ja-JP
528,ja-JP
529,fr-FR
529,de-DE
529,ja-JP
529,en-GB
529,es-ES
530,de-DE
530,pt-BR
530,fr-FR
530,es-ES
531,ja-JP
531,es-ES
531,de-DE
531,fr-FR
532,fr-FR
532,es-ES
532,de-DE
532,pt-BR
532,it-IT
533,fr-FR
533,ja-JP
534,fr-FR
534,es-ES
534,it-IT
534,de-DE
535,es-ES
535,pt-BR
536,es-ES
536,de-DE
536,ko-KR
536,ja-JP
536,fr-FR
537,fr-FR
537,ja-JP
538,es-ES
538,pl-PL
538,it-IT
538,de-DE
538,fr-FR
538,nl-NL
539,fr-FR
539,de-DE
539,es-ES
540,de-DE
540,es-ES
540,fr-FR
540,ja-JP
541,fr-FR
541,de-DE
541,zh-CN
541,ja-JP
542,fr-FR
542,es-ES
542,it-IT
542,ja-JP
542,de-DE
543,ja-JP
543,fr-FR
543,de-DE
543,es-ES
544,ko-KR
544,ja-JP
544,fr-FR
544,de-DE
544,es-ES
545,de-DE
545,pt-BR
545,fr-FR
545,es-ES
546,de-DE
546,fr-FR
546,es-ES
546,it-IT
547,en-GB
547,fr-FR
547,de-DE
548,fr-FR
548,de-DE
548,ko-KR
548,es-ES
548,ja-JP
549,fr-FR
550,fr-FR
550,ja-JP
550,de-DE
550,es-ES
550,it-IT
551,de-DE
551,ja-JP
552,de-DE
552,es-ES
552,fr-FR
552,nl-NL
552,it-IT
553,ja-JP
553,fr-FR
553,es-ES
554,es-ES
555,ja-JP
556,it-IT
556,nl-NL
556,fr-FR
556,de-DE
556,es-ES
557,es-ES
557,nl-NL
557,fr-FR
557,it-IT
557,de-DE
558,en-US
559,de-DE
559,fr-FR
559,es-ES
560,zh-CN
560,de-DE
560,fr-FR
561,de-DE
561,fr-FR
561,en-GB
562,fr-FR
562,de-DE
562,es-ES
562,pt-BR
563,zh-CN
563,de-DE
563,es-ES
563,fr-FR
564,ja-JP
564,es-ES
564,fr-FR
565,ko-KR
566,fr-FR
566,en-GB
567,es-ES
567,it-IT
567,fr-FR
568,de-DE
568,ja-JP
568,ko-KR
568,fr-FR
569,de-DE
569,es-ES
569,da-DK
570,de-DE
571,ko-KR
571,zh-CN
571,fr-FR
571,de-DE
571,ja-JP
572,fr-FR
573,fr-FR
573,de-DE
573,es-ES
573,ja-JP
574,en-GB
574,fr-FR
574,de-DE
575,ja-JP
576,ja-JP
576,fr-FR
576,ko-KR
577,fr-FR
577,de-DE
577,es-ES
578,fr-FR
578,zh-CN
578,de-DE
579,en-US
579,de-DE
579,ja-JP
580,es-ES
580,ja-JP
580,de-DE
581,de-DE
581,it-IT
581,fr-FR
582,de-DE
582,ja-JP
582,it-IT
582,fr-FR
583,en-US
583,fr-FR
583,es-ES
583,de-DE
584,es-ES
584,nl-NL
584,fr-FR
585,es-ES
586,ja-JP
586,fr-FR
586,es-ES
586,de-DE
587,en-US
588,ko-KR
588,fr-FR
588,zh-CN
589,de-DE
589,fr-FR
589,ko-KR
589,ja-JP
589,es-ES
590,es-ES
590,de-DE
591,da-DK
591,de-DE
591,es-ES
591,fr-FR
592,fr-FR
592,de-DE
592,it-IT
592,es-ES
593,de-DE
593,ja-JP
593,es-ES
593,ko-KR
594,en-GB
594,es-ES
594,fr-FR
594,de-DE
594,ja-JP
595,ko-KR
595,fr-FR
595,de-DE
595,ja-JP
595,es-ES
596,ja-JP
596,fr-FR
596,de-DE
596,es-ES
597,es-ES
597,ja-JP
597,it-IT
598,ja-JP
598,ko-KR
598,de-DE
598,fr-FR
598,es-ES
599,zh-CN
599,fr-FR
599,de-DE
600,es-ES
600,ja-JP
601,es-ES
601,de-DE
601,fr-FR
601,ja-JP
602,de-DE
602,es-ES
603,es-ES
603,ja-JP
603,pt-BR
603,de-DE
603,fr-FR
604,es-ES
604,de-DE
604,zh-CN
604,ja-JP
605,it-IT
605,de-DE
605,fr-FR
605,es-ES
606,es-ES
606,de-DE
606,fr-FR
607,es-ES
607,de-DE
607,zh-CN
607,ja-JP
607,fr-FR
608,de-DE
608,es-ES
609,de-DE
609,ja-JP
610,fr-FR
610,zh-CN
610,ja-JP
610,de-DE
610,ko-KR
611,ja-JP
611,de-DE
612,es-ES
612,ja-JP
612,fr-FR
612,de-DE
613,ja-JP
613,de-DE
614,fr-FR
614,zh-CN
615,fr-FR
616,fr-FR
617,fr-FR
617,es-ES
617,zh-CN
617,ja-JP
617,de-DE
618,zh-CN
618,fr-FR
618,de-DE
619,es-ES
619,ja-JP
619,de-DE
620,ko-KR
621,es-ES
621,fr-FR
621,ja-JP
621,de-DE
622,en-GB
622,de-DE
622,fr-FR
623,ja-JP
623,es-ES
623,de-DE
624,ja-JP
624,de-DE
624,fr-FR
624,zh-CN
625,en-GB
625,de-DE
626,de-DE
627,es-ES
627,fr-FR
627,it-IT
627,ja-JP
627,de-DE
628,ja-JP
628,fr-FR
628,de-DE
629,ja-JP
630,fr-FR
630,de-DE
630,ja-JP
630,en-US
631,de-DE
631,es-ES
632,es-ES
632,ja-JP
632,fr-FR
633,ja-JP
633,de-DE
633,fr-FR
634,en-US
634,de-DE
634,fr-FR
635,fr-FR
635,en-US
636,de-DE
636,en-US
637,pt-BR
637,ja-JP
637,fr-FR
637,es-ES
638,it-IT
638,fr-FR
638,pl-PL
638,es-ES
639,fr-FR
639,pt-BR
640,ja-JP
640,fr-FR
641,fr-FR
641,es-ES
642,it-IT
642,de-DE
643,ko-KR
643,de-DE
643,fr-FR
644,es-ES
644,fr-FR
644,it-IT
644,ja-JP
644,de-DE
645,fr-FR
645,de-DE
645,zh-CN
646,pt-BR
646,de-DE
646,ja-JP
646,fr-FR
646,es-ES
647,de-DE
648,ko-KR
649,da-DK
650,fr-FR
650,ja-JP
650,es-ES
650,de-DE
651,fr-FR
651,de-DE
651,es-ES
651,zh-CN
652,de-DE
653,ja-JP
653,fr-FR
653,de-DE
653,es-ES
654,fr-FR
654,de-DE
654,es-ES
654,zh-CN
655,es-ES
655,fr-FR
655,ko-KR
655,ja-JP
655,de-DE
656,it-IT
657,de-DE
658,de-DE
658,es-ES
658,fr-FR
658,ja-JP
659,de-DE
660,es-ES
660,ja-JP
660,de-DE
660,en-GB
661,ja-JP
661,es-ES
662,es-ES
662,de-DE
662,fr-FR
662,ja-JP
663,de-DE
663,es-ES
663,fr-FR
663,en-US
664,fr-FR
664,es-ES
664,ja-JP
664,de-DE
665,fr-FR
665,es-ES
665,de-DE
665,ja-JP
666,de-DE
666,es-ES
666,en-GB
666,fr-FR
666,ja-JP
667,de-DE
668,de-DE
668,zh-CN
668,ja-JP
669,en-US
669,de-DE
669,fr-FR
669,ja-JP
670,de-DE
671,es-ES
671,ja-JP
671,de-DE
671,ko-KR
671,fr-FR
672,it-IT
673,de-DE
674,ja-JP
674,fr-FR
674,en-GB
674,es-ES
674,de-DE
675,ja-JP
675,fr-FR
676,ja-JP
676,it-IT
676,fr-FR
676,de-DE
676,es-ES
677,it-IT
678,de-DE
678,fr-FR
678,it-IT
678,es-ES
678,ja-JP
679,de-DE
679,es-ES
679,fr-FR
680,ja-JP
680,fr-FR
681,es-ES
681,fr-FR
681,ja-JP
681,it-IT
681,de-DE
682,ja-JP
682,fr-FR
682,es-ES
682,pt-BR
682,de-DE
683,es-ES
683,fr-FR
683,de-DE
683,en-US
684,fr-FR
685,zh-CN
685,de-DE
685,fr-FR
685,ja-JP
685,ko-KR
686,en-GB
687,es-ES
688,es-ES
688,de-DE
688,nl-NL
688,it-IT
689,de-DE
689,fr-FR
689,ja-JP
689,es-ES
690,fr-FR
690,ja-JP
690,zh-CN
690,de-DE
691,it-IT
691,es-ES
691,pt-BR
692,ja-JP
692,es-ES
692,ko-KR
692,de-DE
692,fr-FR
693,de-DE
693,fr-FR
693,en-GB
694,ja-JP
695,de-DE
695,en-US
696,es-ES
696,de-DE
696,fr-FR
696,it-IT
697,nl-NL
698,de-DE
699,de-DE
700,ja-JP
700,de-DE
700,zh-CN
700,fr-FR
701,fr-FR
701,ja-JP
701,es-ES
701,de-DE
702,en-US
702,fr-FR
702,ja-JP
702,de-DE
703,de-DE
703,ja-JP
704,es-ES
705,fr-FR
705,es-ES
705,ja-JP
705,de-DE
705,pt-BR
706,ja-JP
706,es-ES
706,fr-FR
706,de-DE
707,es-ES
708,de-DE
709,it-IT
709,es-ES
710,ja-JP
710,es-ES
710,de-DE
710,fr-FR
711,ja-JP
711,fr-FR
712,de-DE
712,fr-FR
712,ja-JP
712,zh-CN
713,fr-FR
714,ja-JP
714,zh-CN
714,de-DE
714,fr-FR
715,es-ES
715,fr-FR
716,ja-JP
716,es-ES
716,de-DE
717,de-DE
717,it-IT
717,ja-JP
717,fr-FR
718,ko-KR
718,fr-FR
719,de-DE
719,fr-FR
719,zh-CN
719,es-ES
719,ja-JP
720,pt-BR
720,fr-FR
720,de-DE
720,it-IT
720,es-ES
721,ja-JP
721,fr-FR
722,es-ES
722,fr-FR
722,ja-JP
722,de-DE
723,de-DE
723,es-ES
723,fr-FR
723,ja-JP
724,de-DE
725,ja-JP
726,fr-FR
726,de-DE
726,es-ES
726,it-IT
727,es-ES
728,es-ES
728,ja-JP
728,fr-FR
728,de-DE
729,ko-KR
730,de-DE
730,ja-JP
730,es-ES
730,fr-FR
730,ko-KR
731,de-DE
732,es-ES
733,ja-JP
733,es-ES
734,it-IT
734,fr-FR
734,de-DE
734,es-ES
735,ja-JP
735,es-ES
735,ko-KR
735,fr-FR
735,de-DE
736,de-DE
736,es-ES
736,it-IT
736,fr-FR
736,pl-PL
736,nl-NL
737,en-GB
738,es-ES
738,fr-FR
738,ja-JP
738,de-DE
739,de-DE
740,es-ES
740,zh-CN
740,fr-FR
740,ja-JP
740,de-DE
741,fr-FR
741,de-DE
741,es-ES
741,zh-CN
742,ko-KR
742,es-ES
742,ja-JP
742,de-DE
742,fr-FR
743,nl-NL
743,es-ES
743,de-DE
744,zh-CN
744,fr-FR
744,de-DE
744,ja-JP
745,fr-FR
745,de-DE
745,ja-JP
746,es-ES
746,en-GB
746,de-DE
746,ja-JP
746,fr-FR
747,fr-FR
747,ja-JP
747,de-DE
748,ko-KR
749,ja-JP
750,es-ES
751,de-DE
752,de-DE
752,fr-FR
752,zh-CN
753,fr-FR
753,it-IT
753,es-ES
753,ja-JP
753,de-DE
754,es-ES
754,de-DE
754,fr-FR
754,ja-JP
755,ja-JP
755,de-DE
755,fr-FR
755,es-ES
756,it-IT
757,es-ES
758,es-ES
758,fr-FR
759,fr-FR
759,de-DE
760,es-ES
761,fr-FR
761,ja-JP
761,es-ES
762,fr-FR
762,de-DE
762,ja-JP
762,it-IT
762,es-ES
763,es-ES
763,fr-FR
764,ja-JP
764,de-DE
764,en-US
764,fr-FR
765,fr-FR
765,es-ES
765,ja-JP
765,de-DE
765,it-IT
766,de-DE
767,de-DE
767,es-ES
767,zh-CN
767,fr-FR
768,fr-FR
768,it-IT
769,zh-CN
769,ko-KR
769,ja-JP
770,es-ES
770,de-DE
770,fr-FR
770,it-IT
771,zh-CN
771,fr-FR
771,ja-JP
772,zh-CN
772,es-ES
772,fr-FR
773,zh-CN
773,ja-JP
773,ko-KR
774,de-DE
775,es-ES
775,ko-KR
775,de-DE
775,fr-FR
776,it-IT
776,fr-FR
776,de-DE
776,nl-NL
776,es-ES
776,pl-PL
777,es-ES
777,fr-FR
777,ja-JP
778,es-ES
778,de-DE
778,ja-JP
778,ko-KR
778,fr-FR
779,fr-FR
780,de-DE
780,es-ES
780,ko-KR
780,fr-FR
780,ja-JP
781,fr-FR
781,ja-JP
782,de-DE
782,fr-FR
783,de-DE
783,fr-FR
784,de-DE
784,en-GB
784,fr-FR
785,it-IT
785,fr-FR
786,ja-JP
786,de-DE
786,zh-CN
786,ko-KR
786,fr-FR
787,ja-JP
787,fr-FR
788,zh-CN
788,de-DE
788,fr-FR
789,en-GB
789,fr-FR
790,fr-FR
790,ko-KR
790,zh-CN
790,ja-JP
790,de-DE
791,de-DE
791,zh-CN
791,es-ES
791,fr-FR
792,fr-FR
792,de-DE
792,es-ES
792,ja-JP
793,de-DE
793,ja-JP
793,fr-FR
793,it-IT
793,es-ES
794,fr-FR
794,zh-CN
794,de-DE
795,fr-FR
795,en-US
795,de-DE
796,fr-FR
796,es-ES
796,de-DE
796,ja-JP
797,en-US
798,it-IT
798,de-DE
798,es-ES
799,es-ES
800,de-DE
800,zh-CN
800,fr-FR
801,ja-JP
802,ja-JP
802,fr-FR
802,ko-KR
803,es-ES
804,de-DE
804,fr-FR
804,es-ES
804,it-IT
804,ja-JP
805,de-DE
805,fr-FR
805,es-ES
805,ja-JP
806,en-US
806,fr-FR
806,ja-JP
806,de-DE
807,fr-FR
807,zh-CN
807,de-DE
807,ja-JP
807,es-ES
808,de-DE
809,es-ES
809,pt-BR
809,de-DE
809,it-IT
810,es-ES
810,fr-FR
810,de-DE
810,zh-CN
811,ja-JP
811,de-DE
812,ja-JP
812,fr-FR
813,it-IT
813,de-DE
814,zh-CN
815,de-DE
815,it-IT
816,de-DE
816,es-ES
817,ko-KR
817,fr-FR
818,nl-NL
818,es-ES
818,fr-FR
818,de-DE
818,it-IT
819,es-ES
819,it-IT
819,de-DE
820,en-GB
820,fr-FR
821,fr-FR
821,de-DE
821,es-ES
821,ja-JP
821,ko-KR
822,ja-JP
822,de-DE
822,fr-FR
823,de-DE
823,ja-JP
824,ja-JP
824,es-ES
824,it-IT
825,de-DE
826,es-ES
826,de-DE
827,de-DE
827,es-ES
827,ja-JP
827,fr-FR
828,es-ES
829,es-ES
829,fr-FR
829,de-DE
829,da-DK
830,en-US
831,it-IT
831,es-ES
831,nl-NL
831,pl-PL
831,fr-FR
831,de-DE
832,ja-JP
832,es-ES
832,fr-FR
832,de-DE
832,it-IT
833,es-ES
833,fr-FR
833,de-DE
833,ja-JP
834,de-DE
835,de-DE
835,en-GB
836,fr-FR
836,de-DE
836,es-ES
836,it-IT
837,ja-JP
837,fr-FR
838,it-IT
838,de-DE
838,fr-FR
838,es-ES
838,ja-JP
839,fr-FR
840,it-IT
840,fr-FR
840,de-DE
841,de-DE
841,fr-FR
841,zh-CN
841,ja-JP
842,es-ES
842,de-DE
842,fr-FR
842,pt-BR
843,fr-FR
843,it-IT
843,de-DE
843,es-ES
844,de-DE
844,zh-CN
844,fr-FR
845,de-DE
845,es-ES
845,fr-FR
846,es-ES
846,it-IT
847,de-DE
847,es-ES
847,zh-CN
847,fr-FR
848,de-DE
848,pt-BR
848,fr-FR
848,es-ES
849,en-US
849,ja-JP
849,de-DE
849,fr-FR
850,es-ES
850,da-DK
850,fr-FR
851,de-DE
851,es-ES
851,ja-JP
852,fr-FR
852,ja-JP
852,de-DE
852,en-US
853,fr-FR
854,de-DE
854,it-IT
854,fr-FR
855,fr-FR
856,fr-FR
856,ja-JP
857,es-ES
858,ko-KR
858,es-ES
858,de-DE
858,fr-FR
858,ja-JP
859,zh-CN
859,de-DE
859,fr-FR
859,es-ES
860,de-DE
860,fr-FR
860,ja-JP
861,de-DE
861,fr-FR
862,de-DE
862,es-ES
862,ja-JP
862,fr-FR
863,ja-JP
863,de-DE
863,fr-FR
864,de-DE
864,en-GB
864,fr-FR
865,ja-JP
865,de-DE
865,ko-KR
865,zh-CN
865,fr-FR
866,ja-JP
866,en-US
866,fr-FR
867,pt-BR
867,de-DE
868,it-IT
868,ja-JP
868,fr-FR
868,es-ES
869,fr-FR
869,de-DE
869,es-ES
869,it-IT
870,ko-KR
870,fr-FR
870,es-ES
871,de-DE
871,es-ES
871,zh-CN
871,fr-FR
871,ja-JP
872,en-US
872,de-DE
872,ja-JP
872,fr-FR
873,pl-PL
873,nl-NL
873,fr-FR
874,zh-CN
875,de-DE
875,fr-FR
875,es-ES
875,ja-JP
876,pt-BR
876,fr-FR
876,es-ES
876,it-IT
876,de-DE
877,de-DE
877,es-ES
877,fr-FR
878,en-GB
878,ja-JP
878,fr-FR
878,de-DE
878,es-ES
879,fr-FR
879,de-DE
879,ko-KR
880,ja-JP
880,en-US
880,de-DE
880,fr-FR
881,fr-FR
881,ja-JP
882,en-US
883,ja-JP
883,fr-FR
883,es-ES
883,de-DE
884,fr-FR
884,en-GB
884,de-DE
885,de-DE
886,fr-FR
886,es-ES
887,de-DE
888,ja-JP
889,fr-FR
890,es-ES
890,ja-JP
890,de-DE
890,fr-FR
891,es-ES
891,de-DE
891,fr-FR
891,ja-JP
892,en-US
892,ja-JP
892,de-DE
892,fr-FR
893,de-DE
894,es-ES
894,fr-FR
894,ko-KR
894,ja-JP
894,de-DE
895,de-DE
895,ja-JP
895,ko-KR
895,fr-FR
895,es-ES
896,zh-CN
897,es-ES
897,de-DE
897,fr-FR
897,ko-KR
897,ja-JP
898,es-ES
898,de-DE
898,ja-JP
898,pt-BR
898,fr-FR
899,de-DE
900,de-DE
900,es-ES
900,ja-JP
900,ko-KR
900,fr-FR
901,nl-NL
901,es-ES
902,ja-JP
902,fr-FR
902,de-DE
902,en-US
903,de-DE
903,en-US
904,de-DE
905,fr-FR
905,es-ES
905,de-DE
906,ja-JP
906,es-ES
906,en-GB
906,fr-FR
906,de-DE
907,ja-JP
907,zh-CN
908,de-DE
908,es-ES
908,it-IT
908,fr-FR
909,fr-FR
909,ja-JP
909,es-ES
910,ja-JP
910,es-ES
910,fr-FR
910,de-DE
911,fr-FR
911,de-DE
911,ja-JP
912,en-US
913,de-DE
913,en-US
913,fr-FR
913,ja-JP
914,fr-FR
914,ja-JP
914,es-ES
914,ko-KR
914,de-DE
915,fr-FR
915,ja-JP
915,es-ES
915,de-DE
916,fr-FR
916,es-ES
916,ja-JP
916,de-DE
917,de-DE
917,it-IT
917,fr-FR
917,es-ES
917,ja-JP
918,fr-FR
918,it-IT
918,ja-JP
918,es-ES
919,es-ES
919,fr-FR
919,de-DE
919,ja-JP
920,de-DE
920,fr-FR
920,zh-CN
921,de-DE
921,fr-FR
921,ja-JP
921,es-ES
921,ko-KR
922,en-US
922,de-DE
922,ja-JP
922,fr-FR
923,es-ES
923,it-IT
923,fr-FR
923,de-DE
924,fr-FR
924,it-IT
924,ja-JP
924,es-ES
924,de-DE
925,de-DE
925,fr-FR
926,fr-FR
926,pt-BR
926,es-ES
927,ja-JP
927,fr-FR
927,ko-KR
927,de-DE
927,zh-CN
928,zh-CN
928,fr-FR
928,de-DE
929,fr-FR
929,zh-CN
929,de-DE
930,fr-FR
930,de-DE
930,es-ES
930,zh-CN
931,ja-JP
931,fr-FR
932,de-DE
933,it-IT
933,fr-FR
933,de-DE
934,de-DE
934,ja-JP
934,zh-CN
934,es-ES
934,fr-FR
935,de-DE
935,en-GB
935,fr-FR
936,fr-FR
937,ko-KR
937,ja-JP
937,de-DE
937,zh-CN
938,zh-CN
938,fr-FR
939,de-DE
939,fr-FR
939,zh-CN
940,fr-FR
940,de-DE
940,it-IT
941,es-ES
941,pl-PL
941,fr-FR
941,de-DE
941,it-IT
942,fr-FR
943,ja-JP
943,es-ES
943,fr-FR
943,de-DE
944,es-ES
944,ko-KR
944,ja-JP
944,fr-FR
944,de-DE
945,fr-FR
945,es-ES
945,de-DE
946,es-ES
946,de-DE
946,it-IT
946,fr-FR
946,ja-JP
947,de-DE
948,fr-FR
948,pt-BR
948,es-ES
948,de-DE
949,fr-FR
949,ja-JP
949,zh-CN
950,ko-KR
950,fr-FR
950,de-DE
950,es-ES
950,ja-JP
951,it-IT
951,es-ES
951,pt-BR
951,fr-FR
951,de-DE
952,ja-JP
952,es-ES
952,fr-FR
952,de-DE
953,ko-KR
953,ja-JP
953,fr-FR
953,de-DE
953,es-ES
954,es-ES
954,de-DE
954,ja-JP
954,fr-FR
955,es-ES
956,fr-FR
956,en-GB
956,de-DE
957,fr-FR
957,ja-JP
957,es-ES
957,de-DE
958,zh-CN
958,es-ES
958,de-DE
958,fr-FR
959,zh-CN
959,de-DE
959,fr-FR
960,de-DE
961,es-ES
961,en-US
961,de-DE
961,fr-FR
962,de-DE
962,ko-KR
962,ja-JP
962,es-ES
962,fr-FR
963,it-IT
963,fr-FR
963,de-DE
963,nl-NL
963,es-ES
964,it-IT
964,fr-FR
964,de-DE
964,es-ES
964,pl-PL
965,de-DE
965,zh-CN
965,ja-JP
966,de-DE
966,it-IT
966,es-ES
966,ja-JP
966,fr-FR
967,zh-CN
967,de-DE
967,fr-FR
968,de-DE
969,zh-CN
969,fr-FR
970,de-DE
970,fr-FR
970,ja-JP
970,es-ES
971,fr-FR
971,es-ES
971,ko-KR
971,de-DE
971,ja-JP
972,es-ES
972,ja-JP
972,de-DE
972,fr-FR
973,de-DE
973,zh-CN
973,fr-FR
973,ja-JP
973,ko-KR
974,ja-JP
974,es-ES
974,de-DE
974,fr-FR
975,da-DK
976,zh-CN
976,fr-FR
976,de-DE
977,es-ES
978,fr-FR
979,ja-JP
979,fr-FR
979,es-ES
979,de-DE
979,ko-KR
980,fr-FR
980,es-ES
980,ko-KR
981,fr-FR
982,zh-CN
982,es-ES
982,fr-FR
982,de-DE
983,fr-FR
983,de-DE
984,zh-CN
985,de-DE
985,fr-FR
985,en-US
986,de-DE
986,es-ES
987,de-DE
987,ko-KR
988,fr-FR
988,es-ES
988,de-DE
989,zh-CN
989,fr-FR
989,ja-JP
989,de-DE
990,fr-FR
990,ja-JP
990,es-ES
990,de-DE
990,ko-KR
991,de-DE
991,pt-BR
991,it-IT
991,fr-FR
991,es-ES
992,es-ES
992,ja-JP
992,it-IT
992,fr-FR
992,de-DE
993,fr-FR
993,ja-JP
994,ja-JP
994,fr-FR
994,ko-KR
994,es-ES
995,ko-KR
995,de-DE
995,fr-FR
995,zh-CN
996,de-DE
996,ja-JP
997,de-DE
997,zh-CN
998,de-DE
999,es-ES
999,de-DE
999,ja-JP
1000,en-GB
1000,fr-FR
1000,ja-JP
1000,de-DE
1000,es-ES
1001,fr-FR
1002,ja-JP
1002,es-ES
1003,de-DE
1003,ja-JP
1003,fr-FR
1004,fr-FR
1005,de-DE
1005,en-GB
1005,ja-JP
1005,fr-FR
1005,es-ES
1006,en-US
1006,fr-FR
1006,ja-JP
1006,de-DE
1007,es-ES
1007,de-DE
1007,fr-FR
1007,it-IT
1008,ko-KR
1008,ja-JP
1008,fr-FR
1008,de-DE
1008,es-ES
1009,fr-FR
1009,en-US
1009,de-DE
1009,ja-JP
1010,fr-FR
1010,es-ES
1011,fr-FR
1011,de-DE
1011,es-ES
1011,ja-JP
1012,fr-FR
1012,de-DE
1012,zh-CN
1012,ko-KR
1013,de-DE
1013,ja-JP
1014,nl-NL
1014,de-DE
1014,it-IT
1014,fr-FR
1015,pl-PL
1015,de-DE
1015,nl-NL
1015,fr-FR
1016,de-DE
1016,fr-FR
1016,ko-KR
1016,es-ES
1016,ja-JP
1017,it-IT
1017,fr-FR
1017,es-ES
1017,de-DE
1017,pt-BR
1018,fr-FR
1018,de-DE
1018,ja-JP
1018,es-ES
1018,pt-BR
1019,de-DE
1019,en-GB
1019,fr-FR
1020,fr-FR
1020,es-ES
1020,da-DK
1021,fr-FR
1021,nl-NL
1021,it-IT
1021,es-ES
1021,de-DE
1022,pt-BR
1022,es-ES
1022,ja-JP
1022,de-DE
1022,fr-FR
1023,de-DE
1023,es-ES
1023,ja-JP
1024,ja-JP
1024,de-DE
1024,zh-CN
1024,fr-FR
1025,da-DK
1025,de-DE
1025,es-ES
1025,fr-FR
1026,zh-CN
1026,fr-FR
1026,es-ES
1026,de-DE
1027,de-DE
1027,fr-FR
1027,it-IT
1028,nl-NL
1029,de-DE
1029,fr-FR
1029,en-GB
1030,ja-JP
1030,es-ES
1030,de-DE
1030,fr-FR
1031,de-DE
1031,ko-KR
1031,ja-JP
1031,fr-FR
1031,es-ES
1032,fr-FR
1032,es-ES
1032,de-DE
1032,ja-JP
1033,fr-FR
1034,fr-FR
1034,en-GB
1034,de-DE
1035,ja-JP
1035,es-ES
1035,ko-KR
1035,de-DE
1035,fr-FR
1036,de-DE
1037,de-DE
1037,es-ES
1037,ja-JP
1038,ko-KR
1039,es-ES
1039,de-DE
1039,it-IT
1040,es-ES
1040,de-DE
1040,ja-JP
1041,ko-KR
1042,de-DE
1042,fr-FR
1042,zh-CN
1043,fr-FR
1043,es-ES
1043,de-DE
1043,ja-JP
1043,it-IT
1044,fr-FR
1044,da-DK
1044,de-DE
1045,de-DE
1045,es-ES
1045,ko-KR
1045,fr-FR
1045,ja-JP
1046,fr-FR
1046,it-IT
1046,de-DE
1047,de-DE
1047,nl-NL
1047,es-ES
1048,zh-CN
1048,fr-FR
1048,es-ES
1048,de-DE
1048,ja-JP
1049,ja-JP
1049,es-ES
1049,de-DE
1050,it-IT
1050,de-DE
1050,nl-NL
1050,fr-FR
1050,es-ES
1051,es-ES
1051,de-DE
1051,fr-FR
1051,ko-KR
1051,ja-JP
1052,en-US
1052,ja-JP
1052,fr-FR
1052,de-DE
1053,fr-FR
1054,de-DE
1054,zh-CN
1054,fr-FR
1054,es-ES
1055,es-ES
1056,de-DE
1057,fr-FR
1057,de-DE
1057,es-ES
1057,zh-CN
1058,ja-JP
1059,fr-FR
1059,zh-CN
1059,de-DE
1060,fr-FR
1060,ja-JP
1061,es-ES
1061,de-DE
1061,ja-JP
1061,fr-FR
1061,pt-BR
1062,fr-FR
1062,ja-JP
1062,de-DE
1062,pt-BR
1062,es-ES
1063,fr-FR
1063,nl-NL
1063,it-IT
1064,fr-FR
1064,es-ES
1064,de-DE
1064,it-IT
1065,de-DE
1066,es-ES
1066,de-DE
1066,it-IT
1066,fr-FR
1067,ja-JP
1067,fr-FR
1067,de-DE
1067,es-ES
1067,ko-KR
1068,es-ES
1068,fr-FR
1068,ja-JP
1068,de-DE
1069,fr-FR
1069,es-ES
1069,de-DE
1069,da-DK
1070,es-ES
1070,ja-JP
1070,it-IT
1070,de-DE
1070,fr-FR
1071,fr-FR
1071,zh-CN
1071,de-DE
1071,ja-JP
1072,fr-FR
1073,de-DE
1073,es-ES
1074,de-DE
1074,fr-FR
1074,es-ES
1075,es-ES
1076,fr-FR
1076,de-DE
1076,ko-KR
1076,ja-JP
1076,es-ES
1077,fr-FR
1077,es-ES
1077,de-DE
1078,en-US
1078,fr-FR
1078,de-DE
1078,ja-JP
1079,ja-JP
1079,de-DE
1079,es-ES
1079,fr-FR
1080,en-GB
1080,fr-FR
1080,de-DE
1081,fr-FR
1081,de-DE
1081,en-US
1081,ja-JP
1082,fr-FR
1083,de-DE
1083,es-ES
1083,ko-KR
1084,ja-JP
1085,de-DE
1086,fr-FR
1086,de-DE
1086,ja-JP
1086,es-ES
1087,nl-NL
1087,de-DE
1087,es-ES
1087,it-IT
1087,fr-FR
1088,en-GB
1089,fr-FR
1089,de-DE
1089,en-GB
1090,fr-FR
1090,en-US
1090,ja-JP
1091,ja-JP
1091,es-ES
1091,de-DE
1091,fr-FR
1092,es-ES
1093,es-ES
1093,ja-JP
1094,ja-JP
1094,es-ES
1094,de-DE
1094,fr-FR
1094,it-IT
1095,fr-FR
1095,de-DE
1095,zh-CN
1096,de-DE
1096,fr-FR
1096,en-GB
1097,ko-KR
1097,de-DE
1097,ja-JP
1097,fr-FR
1097,zh-CN
1098,de-DE
1099,ja-JP
1100,de-DE
1100,ja-JP
1101,fr-FR
1101,it-IT
1101,nl-NL
1102,fr-FR
1103,fr-FR
1103,de-DE
1103,es-ES
1103,ja-JP
1104,zh-CN
1104,de-DE
1104,fr-FR
1104,ja-JP
1105,fr-FR
1105,de-DE
1105,it-IT
1106,de-DE
1106,ko-KR
1107,ja-JP
1107,zh-CN
1108,ja-JP
1108,ko-KR
1108,fr-FR
1109,es-ES
1109,de-DE
1110,de-DE
1110,en-US
1110,fr-FR
1110,ja-JP
1111,de-DE
1111,ja-JP
1111,fr-FR
1111,es-ES
1112,de-DE
1112,it-IT
1112,fr-FR
1113,de-DE
1113,ja-JP
1114,ja-JP
1114,fr-FR
1114,en-US
1114,de-DE
1115,de-DE
1115,en-GB
1115,fr-FR
1116,de-DE
1116,ja-JP
1116,fr-FR
1117,fr-FR
1117,zh-CN
1117,de-DE
1118,ja-JP
1119,ko-KR
1119,ja-JP
1119,es-ES
1119,de-DE
1119,fr-FR
1120,es-ES
1120,ja-JP
1120,fr-FR
1120,it-IT
1120,de-DE
1121,ja-JP
1121,en-GB
1121,es-ES
1121,de-DE
1121,fr-FR
1122,fr-FR
1122,es-ES
1123,ja-JP
1124,de-DE
1124,fr-FR
1124,it-IT
1124,es-ES
1125,pl-PL
1125,nl-NL
1125,es-ES
1125,it-IT
1126,en-GB
1126,fr-FR
1127,ja-JP
1127,de-DE
1127,fr-FR
1128,ko-KR
1128,fr-FR
1128,ja-JP
1128,de-DE
1129,ja-JP
1129,en-US
1129,de-DE
1130,fr-FR
1131,de-DE
1131,ja-JP
1131,fr-FR
1131,pt-BR
1132,de-DE
1132,fr-FR
1132,ja-JP
1133,zh-CN
1133,fr-FR
1133,de-DE
1134,ja-JP
1134,en-GB
1135,en-US
1135,ja-JP
1135,de-DE
1135,fr-FR
1136,zh-CN
1136,ja-JP
1137,fr-FR
1137,it-IT
1137,de-DE
1137,es-ES
1138,es-ES
1139,de-DE
1140,es-ES
1140,ja-JP
1140,fr-FR
1140,de-DE
1141,de-DE
1141,fr-FR
1141,ja-JP
1141,zh-CN
1141,es-ES
1142,it-IT
1142,de-DE
1142,ja-JP
1142,fr-FR
1142,es-ES
1143,fr-FR
1143,de-DE
1143,es-ES
1143,ja-JP
1144,ja-JP
1144,zh-CN
1144,de-DE
1145,fr-FR
1145,de-DE
1145,es-ES
1145,ja-JP
1146,fr-FR
1146,ja-JP
1146,de-DE
1147,da-DK
1147,es-ES
1148,zh-CN
1148,de-DE
1149,es-ES
1149,fr-FR
1149,ja-JP
1149,de-DE
1150,de-DE
1151,fr-FR
1151,ja-JP
1152,de-DE
1152,pt-BR
1152,fr-FR
1153,fr-FR
1153,de-DE
1153,es-ES
1153,ko-KR
1153,ja-JP
1154,pt-BR
1154,ja-JP
1154,es-ES
1154,fr-FR
1155,en-GB
1156,nl-NL
1156,fr-FR
1156,es-ES
1156,de-DE
1156,it-IT
1156,pl-PL
1157,fr-FR
1157,de-DE
1157,es-ES
1157,ja-JP
1157,ko-KR
1158,fr-FR
1159,it-IT
1159,ja-JP
1159,de-DE
1159,es-ES
1159,fr-FR
1160,zh-CN
1160,ja-JP
1160,de-DE
1160,fr-FR
1161,en-US
1162,fr-FR
1163,it-IT
1163,ja-JP
1163,fr-FR
1163,es-ES
1163,de-DE
1164,de-DE
1164,zh-CN
1164,es-ES
1164,fr-FR
1165,zh-CN
1165,ja-JP
1165,fr-FR
1165,de-DE
1166,de-DE
1166,fr-FR
1167,fr-FR
1167,pt-BR
1167,es-ES
1168,es-ES
1168,ja-JP
1168,fr-FR
1169,fr-FR
1170,en-US
1170,fr-FR
1170,es-ES
1170,de-DE
1171,ja-JP
1171,fr-FR
1171,es-ES
1171,de-DE
1172,es-ES
1173,es-ES
1174,ja-JP
1174,de-DE
1174,zh-CN
1175,de-DE
1175,da-DK
1176,fr-FR
1176,es-ES
1176,de-DE
1176,ja-JP
1177,es-ES
1177,it-IT
1177,de-DE
1178,es-ES
1178,ja-JP
1178,fr-FR
1178,ko-KR
1178,de-DE
1179,ja-JP
1179,de-DE
1179,zh-CN
1179,fr-FR
1179,ko-KR
1180,es-ES
1180,de-DE
1180,ja-JP
1180,fr-FR
1181,es-ES
1181,fr-FR
1181,ko-KR
1181,ja-JP
1182,de-DE
1182,fr-FR
1182,zh-CN
1183,es-ES
1183,fr-FR
1184,es-ES
1184,ja-JP
1185,fr-FR
1185,ko-KR
1185,de-DE
1185,ja-JP
1186,de-DE
1186,en-US
1186,es-ES
1186,fr-FR
1187,de-DE
1187,ko-KR
1187,zh-CN
1187,ja-JP
1187,fr-FR
1188,ko-KR
1188,zh-CN
1188,de-DE
1189,de-DE
1189,ko-KR
1189,zh-CN
1190,ja-JP
1190,ko-KR
1190,es-ES
1191,en-GB
1191,ja-JP
1191,de-DE
1191,es-ES
1191,fr-FR
1192,ja-JP
1192,es-ES
1192,fr-FR
1192,de-DE
1192,ko-KR
1193,fr-FR
1193,it-IT
1193,es-ES
1193,de-DE
1193,nl-NL
1194,fr-FR
1194,en-GB
1194,ja-JP
1195,fr-FR
1195,en-GB
1195,de-DE
1196,ja-JP
1196,es-ES
1196,it-IT
1196,fr-FR
1196,de-DE
1197,es-ES
1197,fr-FR
1197,de-DE
1197,ja-JP
1198,ja-JP
1198,de-DE
1199,fr-FR
1199,zh-CN
1199,de-DE
1200,fr-FR
1201,ja-JP
1201,fr-FR
1201,zh-CN
1201,de-DE
1202,ja-JP
1202,fr-FR
1202,es-ES
1203,en-GB
1203,fr-FR
1204,pt-BR
1204,fr-FR
1204,it-IT
1204,de-DE
1204,es-ES
1205,fr-FR
1206,es-ES
1206,de-DE
1206,zh-CN
1206,ja-JP
1206,fr-FR
1207,ko-KR
1208,es-ES
1209,ja-JP
1209,de-DE
1209,es-ES
1209,fr-FR
1210,de-DE
1210,zh-CN
1210,fr-FR
1210,ja-JP
1211,fr-FR
1211,ja-JP
1211,de-DE
1211,es-ES
1212,ja-JP
1212,es-ES
1212,de-DE
1212,fr-FR
1213,ja-JP
1213,de-DE
1213,en-US
1213,fr-FR
1214,de-DE
1214,fr-FR
1215,ja-JP
1216,fr-FR
1216,it-IT
1217,pl-PL
1217,de-DE
1217,nl-NL
1217,it-IT
1217,es-ES
1217,fr-FR
1218,fr-FR
1218,en-GB
1219,ja-JP
1219,fr-FR
1219,de-DE
1219,es-ES
1220,ja-JP
1220,es-ES
1220,ko-KR
1220,de-DE
1220,fr-FR
1221,es-ES
1221,it-IT
1221,fr-FR
1221,de-DE
1221,ja-JP
1222,fr-FR
1222,it-IT
1222,pt-BR
1222,es-ES
1223,ja-JP
1223,de-DE
1223,fr-FR
1223,zh-CN
1224,it-IT
1224,es-ES
1224,ja-JP
1224,fr-FR
1225,fr-FR
1225,zh-CN
1225,es-ES
1226,de-DE
1226,nl-NL
1226,fr-FR
1226,pl-PL
1226,it-IT
1226,es-ES
1227,de-DE
1228,fr-FR
1228,de-DE
1228,zh-CN
1229,fr-FR
1229,es-ES
1229,ja-JP
1229,it-IT
1230,fr-FR
1230,de-DE
1230,ja-JP
1230,ko-KR
1230,es-ES
1231,en-GB
1231,de-DE
1231,fr-FR
1232,es-ES
1232,fr-FR
1232,ja-JP
1232,de-DE
1233,fr-FR
1233,ja-JP
1233,en-GB
1233,es-ES
1233,de-DE
1234,de-DE
1234,en-US
1234,fr-FR
1234,ja-JP
1235,fr-FR
1236,fr-FR
1236,de-DE
1236,es-ES
1237,zh-CN
1238,es-ES
1239,fr-FR
1239,de-DE
1239,es-ES
1239,ja-JP
1239,ko-KR
1240,fr-FR
1240,de-DE
1240,es-ES
1240,ja-JP
1241,ja-JP
1242,fr-FR
1242,de-DE
1242,zh-CN
1243,it-IT
1243,es-ES
1243,ja-JP
1243,de-DE
1243,fr-FR
1244,fr-FR
1244,de-DE
1244,en-GB
1245,de-DE
1245,zh-CN
1245,fr-FR
1246,zh-CN
1246,de-DE
1246,fr-FR
1247,ja-JP
1248,de-DE
1248,fr-FR
1248,es-ES
1249,de-DE
1249,ja-JP
1249,zh-CN
1249,fr-FR
1250,it-IT
1251,ja-JP
1251,es-ES
1251,fr-FR
1252,de-DE
1252,it-IT
1253,de-DE
1253,fr-FR
1253,es-ES
1253,ja-JP
1253,it-IT
1254,zh-CN
1255,fr-FR
1256,de-DE
1256,en-US
1256,fr-FR
1256,ja-JP
1257,fr-FR
1257,en-US
1258,it-IT
1258,es-ES
1258,fr-FR
1258,de-DE
1258,nl-NL
1259,fr-FR
1259,en-GB
1260,es-ES
1260,ja-JP
1261,fr-FR
1261,en-US
1261,de-DE
1261,ja-JP
1262,es-ES
1262,de-DE
1262,nl-NL
1262,pl-PL
1262,fr-FR
1263,es-ES
1264,ja-JP
1264,de-DE
1265,fr-FR
1265,ja-JP
1265,de-DE
1265,en-US
1266,zh-CN
1266,de-DE
1267,en-US
1268,it-IT
1268,de-DE
1268,fr-FR
1268,es-ES
1268,pt-BR
1269,de-DE
1270,zh-CN
1270,ja-JP
1271,it-IT
1271,nl-NL
1272,fr-FR
1273,fr-FR
1273,ja-JP
1273,de-DE
1274,zh-CN
1274,de-DE
1274,fr-FR
1275,fr-FR
1275,ja-JP
1275,it-IT
1275,de-DE
1275,es-ES
1276,fr-FR
1276,de-DE
1277,fr-FR
1277,de-DE
1277,es-ES
1277,en-US
1278,fr-FR
1278,de-DE
1278,es-ES
1278,ja-JP
1279,ja-JP
1279,es-ES
1279,fr-FR
1279,de-DE
1279,ko-KR
1280,de-DE
1281,es-ES
1281,fr-FR
1281,de-DE
1282,es-ES
1282,it-IT
1283,de-DE
1283,fr-FR
1283,it-IT
1283,es-ES
1284,fr-FR
1284,ja-JP
1285,de-DE
1285,fr-FR
1285,es-ES
1286,es-ES
1286,fr-FR
1286,de-DE
1286,ja-JP
1287,es-ES
1287,ko-KR
1287,ja-JP
1287,de-DE
1287,fr-FR
1288,de-DE
1288,fr-FR
1288,es-ES
1288,ja-JP
1289,fr-FR
1290,fr-FR
1290,de-DE
1290,en-GB
1291,fr-FR
1291,it-IT
1291,de-DE
1291,es-ES
1291,ja-JP
1292,fr-FR
1292,ja-JP
1293,zh-CN
1294,zh-CN
1294,ja-JP
1294,ko-KR
1294,fr-FR
1295,fr-FR
1295,de-DE
1295,zh-CN
1296,es-ES
1296,de-DE
1296,fr-FR
1296,it-IT
1296,pt-BR
1297,de-DE
1297,zh-CN
1297,fr-FR
1298,de-DE
1299,de-DE
1299,en-GB
1299,fr-FR
1300,ja-JP
1300,ko-KR
1300,es-ES
1300,de-DE
1300,fr-FR
1301,de-DE
1301,es-ES
1301,ko-KR
1301,ja-JP
1301,fr-FR
1302,en-GB
1302,de-DE
1303,fr-FR
1303,de-DE
1303,ja-JP
1303,es-ES
1304,ko-KR
1304,de-DE
1304,zh-CN
1304,ja-JP
1304,fr-FR
1305,fr-FR
1305,es-ES
1305,de-DE
1305,it-IT
1306,ja-JP
1306,zh-CN
1306,es-ES
1306,fr-FR
1306,de-DE
1307,fr-FR
1307,en-GB
1308,zh-CN
1308,fr-FR
1308,de-DE
1308,ko-KR
1309,de-DE
1310,zh-CN
1310,ja-JP
1310,es-ES
1310,de-DE
1310,fr-FR
1311,de-DE
1312,fr-FR
1312,en-US
1312,de-DE
1312,ja-JP
1313,pt-BR
1313,it-IT
1313,fr-FR
1313,de-DE
1313,es-ES
1314,fr-FR
1314,de-DE
1314,es-ES
1314,zh-CN
1315,ja-JP
1316,de-DE
1316,ko-KR
1316,fr-FR
1316,es-ES
1317,ja-JP
1317,de-DE
1317,es-ES
1318,fr-FR
1319,ko-KR
1319,zh-CN
1319,ja-JP
1319,de-DE
1319,fr-FR
1320,es-ES
1321,fr-FR
1321,es-ES
1322,de-DE
1322,es-ES
1322,ko-KR
1323,en-GB
1323,de-DE
1323,fr-FR
1324,de-DE
1324,fr-FR
1324,ja-JP
1325,es-ES
1325,zh-CN
1325,de-DE
1326,fr-FR
1327,fr-FR
1327,de-DE
1328,ja-JP
1328,zh-CN
1329,ja-JP
1329,fr-FR
1329,es-ES
1329,de-DE
1330,ja-JP
1330,ko-KR
1330,de-DE
1331,ja-JP
1332,de-DE
1332,fr-FR
1332,zh-CN
1333,es-ES
1333,fr-FR
1333,de-DE
1333,ko-KR
1334,de-DE
1334,zh-CN
1334,fr-FR
1335,zh-CN
1335,fr-FR
1335,de-DE
1336,fr-FR
1336,de-DE
1336,en-GB
1337,es-ES
1338,zh-CN
1338,de-DE
1338,fr-FR
1339,fr-FR
1339,de-DE
1340,fr-FR
1340,de-DE
1340,ja-JP
1340,zh-CN
1341,ja-JP
1341,pt-BR
1342,fr-FR
1342,it-IT
1343,fr-FR
1343,de-DE
1343,ko-KR
1343,es-ES
1343,ja-JP
1344,es-ES
1344,de-DE
1344,fr-FR
1345,fr-FR
1345,ko-KR
1346,es-ES
1346,de-DE
1346,fr-FR
1346,ja-JP
1346,ko-KR
1347,ko-KR
1347,fr-FR
1348,fr-FR
1348,de-DE
1349,ko-KR
1349,de-DE
1350,fr-FR
1350,es-ES
1350,ja-JP
1350,de-DE
1351,ja-JP
1351,es-ES
1351,fr-FR
1351,ko-KR
1351,de-DE
1352,es-ES
1352,ja-JP
1352,fr-FR
1352,de-DE
1353,es-ES
1353,pt-BR
1353,de-DE
1354,en-US
1354,de-DE
1354,fr-FR
1354,ja-JP
1355,es-ES
1356,de-DE
1356,fr-FR
1356,es-ES
1357,pt-BR
1357,fr-FR
1358,pl-PL
1358,fr-FR
1358,nl-NL
1358,es-ES
1359,de-DE
1359,fr-FR
1359,ja-JP
1360,es-ES
1360,de-DE
1360,it-IT
1360,fr-FR
1361,de-DE
1361,ko-KR
1362,ja-JP
1362,es-ES
1362,it-IT
1362,de-DE
1362,fr-FR
1363,fr-FR
1363,en-US
1364,es-ES
1364,ja-JP
1364,de-DE
1364,fr-FR
1365,ja-JP
1365,fr-FR
1365,de-DE
1365,es-ES
1366,de-DE
1367,ja-JP
1367,es-ES
1367,de-DE
1367,en-GB
1367,fr-FR
1368,fr-FR
1368,ja-JP
1368,de-DE
1368,it-IT
1368,es-ES
1369,es-ES
1370,fr-FR
1370,de-DE
1371,ja-JP
1372,zh-CN
1372,de-DE
1373,it-IT
1373,es-ES
1373,fr-FR
1373,nl-NL
1374,ja-JP
1374,es-ES
1374,it-IT
1374,de-DE
1374,fr-FR
1375,ja-JP
1375,fr-FR
1375,de-DE
1375,es-ES
1376,de-DE
1376,it-IT
1376,fr-FR
1377,fr-FR
1377,es-ES
1377,ja-JP
1377,de-DE
1378,en-US
1378,ja-JP
1379,fr-FR
1379,ko-KR
1379,de-DE
1379,es-ES
1379,ja-JP
1380,de-DE
1380,fr-FR
1380,en-GB
1381,zh-CN
1381,de-DE
1381,fr-FR
1381,ja-JP
1382,de-DE
1382,es-ES
1382,fr-FR
1383,de-DE
1384,ja-JP
1384,de-DE
1384,fr-FR
1384,es-ES
1385,de-DE
1385,es-ES
1385,ja-JP
1386,fr-FR
1386,de-DE
1386,es-ES
1386,en-US
1387,ja-JP
1388,de-DE
1388,fr-FR
1388,en-GB
1389,da-DK
1389,de-DE
1389,fr-FR
1389,es-ES
1390,ja-JP
1390,zh-CN
1391,it-IT
1391,es-ES
1392,fr-FR
1392,en-GB
1393,fr-FR
1394,es-ES
1394,ja-JP
1394,fr-FR
1394,it-IT
1394,de-DE
1395,fr-FR
1395,ko-KR
1395,ja-JP
1395,es-ES
1395,de-DE
1396,it-IT
1396,ja-JP
1396,fr-FR
1396,es-ES
1396,de-DE
1397,ja-JP
1397,ko-KR
1398,de-DE
1398,pl-PL
1398,fr-FR
1399,es-ES
1399,fr-FR
1399,de-DE
1400,fr-FR
1400,de-DE
1400,ja-JP
1400,es-ES
1400,it-IT
1401,ja-JP
1401,es-ES
1402,fr-FR
1402,ko-KR
1402,ja-JP
1402,de-DE
1402,es-ES
1403,de-DE
1404,fr-FR
1404,es-ES
1404,de-DE
1405,de-DE
1405,ja-JP
1405,fr-FR
1406,fr-FR
1406,zh-CN
1407,ja-JP
1407,fr-FR
1407,de-DE
1407,es-ES
1408,zh-CN
1408,fr-FR
1408,de-DE
1409,ja-JP
1409,de-DE
1410,fr-FR
1410,ja-JP
1410,es-ES
1410,de-DE
1411,fr-FR
1412,it-IT
1412,fr-FR
1412,es-ES
1412,de-DE
1412,pt-BR
1413,ja-JP
1413,fr-FR
1414,de-DE
1414,es-ES
1414,ja-JP
1414,fr-FR
1415,es-ES
1416,fr-FR
1416,ja-JP
1416,es-ES
1416,de-DE
1417,zh-CN
1418,ko-KR
1418,fr-FR
1418,es-ES
1418,ja-JP
1418,de-DE
1419,fr-FR
1419,ko-KR
1419,es-ES
1419,de-DE
1419,ja-JP
1420,fr-FR
1421,nl-NL
1421,es-ES
1421,de-DE
1421,pl-PL
1421,fr-FR
1421,it-IT
1422,es-ES
1422,ja-JP
1422,fr-FR
1422,pt-BR
1422,de-DE
1423,ja-JP
1423,fr-FR
1424,en-GB
1425,fr-FR
1425,ko-KR
1426,es-ES
1426,fr-FR
1427,de-DE
1427,es-ES
1428,ja-JP
1428,de-DE
1428,ko-KR
1429,fr-FR
1430,fr-FR
1431,fr-FR
1432,ko-KR
1433,ja-JP
1433,fr-FR
1434,ja-JP
1434,it-IT
1434,es-ES
1435,de-DE
1436,fr-FR
1436,zh-CN
1436,de-DE
1436,es-ES
1436,ja-JP
1437,ja-JP
1438,es-ES
1438,pl-PL
1438,it-IT
1438,de-DE
1438,nl-NL
1438,fr-FR
1439,de-DE
1439,fr-FR
1439,it-IT
1439,ja-JP
1439,es-ES
1440,en-GB
1441,de-DE
1441,zh-CN
1441,ja-JP
1441,fr-FR
1441,ko-KR
1442,de-DE
1442,pt-BR
1442,ja-JP
1442,es-ES
1442,fr-FR
1443,ja-JP
1443,en-US
1444,fr-FR
1444,pt-BR
1444,ja-JP
1444,es-ES
1445,en-GB
1445,ja-JP
1445,de-DE
1445,fr-FR
1446,fr-FR
1447,de-DE
1447,fr-FR
1447,ja-JP
1447,it-IT
1447,es-ES
1448,de-DE
1448,fr-FR
1448,zh-CN
1449,es-ES
1450,de-DE
1450,fr-FR
1451,ko-KR
1451,es-ES
1451,ja-JP
1451,de-DE
1451,fr-FR
1452,en-US
1452,fr-FR
1452,es-ES
1453,de-DE
1453,ja-JP
1453,es-ES
1453,fr-FR
1453,ko-KR
1454,ja-JP
1454,de-DE
1454,es-ES
1454,it-IT
1454,fr-FR
1455,es-ES
1455,ko-KR
1455,fr-FR
1455,ja-JP
1455,de-DE
1456,ja-JP
1456,ko-KR
1457,fr-FR
1457,es-ES
1457,ja-JP
1458,fr-FR
1458,it-IT
1458,de-DE
1458,nl-NL
1458,es-ES
1459,es-ES
1459,ja-JP
1460,de-DE
1460,zh-CN
1460,es-ES
1460,fr-FR
1460,ja-JP
1461,ja-JP
1461,de-DE
1462,de-DE
1462,es-ES
1462,fr-FR
1462,ja-JP
1463,fr-FR
1464,de-DE
1464,fr-FR
1464,ja-JP
1465,ja-JP
1465,es-ES
1466,de-DE
1466,ja-JP
1466,fr-FR
1466,zh-CN
1467,de-DE
1468,de-DE
1468,es-ES
1468,fr-FR
1468,ja-JP
1469,es-ES
1470,fr-FR
1471,it-IT
1471,es-ES
1471,de-DE
1471,fr-FR
1472,ja-JP
1472,fr-FR
1473,ja-JP
1473,ko-KR
1473,zh-CN
1473,fr-FR
1474,nl-NL
1474,es-ES
1474,de-DE
1474,it-IT
1474,fr-FR
1475,en-US
1475,es-ES
1475,de-DE
1476,es-ES
1477,ko-KR
1477,es-ES
1477,fr-FR
1478,de-DE
1478,ko-KR
1478,es-ES
1478,fr-FR
1478,ja-JP
1479,ja-JP
1479,zh-CN
1479,fr-FR
1479,es-ES
1479,de-DE
1480,it-IT
1480,ja-JP
1481,ja-JP
1482,fr-FR
1482,de-DE
1483,de-DE
1483,fr-FR
1483,en-US
1483,es-ES
1484,de-DE
1484,fr-FR
1484,ja-JP
1484,en-US
1485,es-ES
1485,de-DE
1485,fr-FR
1485,it-IT
1486,es-ES
1486,fr-FR
1486,de-DE
1486,it-IT
1487,de-DE
1487,ja-JP
1487,fr-FR
1487,es-ES
1487,zh-CN
1488,de-DE
1488,ja-JP
1489,es-ES
1490,de-DE
1490,es-ES
1491,de-DE
1491,fr-FR
1491,en-GB
1492,de-DE
1492,it-IT
1492,fr-FR
1492,es-ES
1493,de-DE
1493,ja-JP
1493,es-ES
1493,it-IT
1493,fr-FR
1494,ja-JP
1494,de-DE
1494,fr-FR
1494,es-ES
1495,de-DE
1495,es-ES
1495,ja-JP
1495,fr-FR
1496,fr-FR
1496,es-ES
1496,it-IT
1496,pt-BR
1496,de-DE
1497,fr-FR
1498,da-DK
1498,es-ES
1498,de-DE
1498,fr-FR
1499,es-ES
1499,ja-JP
1500,ja-JP
1500,es-ES
1500,de-DE
1500,zh-CN
1500,fr-FR
1501,fr-FR
1501,es-ES
1501,ja-JP
1502,de-DE
1503,fr-FR
1503,de-DE
1504,ko-KR
1504,ja-JP
1504,fr-FR
1505,de-DE
1505,fr-FR
1506,es-ES
1506,fr-FR
1507,de-DE
1507,es-ES
1507,fr-FR
1507,en-US
1508,ja-JP
1508,de-DE
1508,ko-KR
1508,es-ES
1509,es-ES
1509,it-IT
1509,fr-FR
1509,pt-BR
1509,de-DE
1510,de-DE
1510,fr-FR
1511,ja-JP
1511,en-US
1511,fr-FR
1512,fr-FR
1512,es-ES
1513,ja-JP
1513,de-DE
1513,ko-KR
1513,fr-FR
1513,zh-CN
1514,es-ES
1514,de-DE
1515,zh-CN
1515,ko-KR
1515,fr-FR
1515,de-DE
1516,fr-FR
1516,ja-JP
1516,es-ES
1517,fr-FR
1517,ja-JP
1517,es-ES
1517,de-DE
1517,ko-KR
1518,fr-FR
1519,fr-FR
1519,ja-JP
1519,en-US
1520,es-ES
1521,es-ES
1521,de-DE
1521,it-IT
1521,ja-JP
1521,fr-FR
1522,ja-JP
1522,fr-FR
1522,es-ES
1523,de-DE
1523,es-ES
1523,fr-FR
1524,it-IT
1524,es-ES
1524,de-DE
1524,fr-FR
1525,fr-FR
1525,en-US
1525,ja-JP
1525,de-DE
1526,ja-JP
1526,de-DE
1527,fr-FR
1528,fr-FR
1529,es-ES
1529,fr-FR
1529,de-DE
1529,ja-JP
1530,it-IT
1530,es-ES
1531,fr-FR
1531,pl-PL
1531,de-DE
1531,it-IT
1532,de-DE
1532,pl-PL
1532,fr-FR
1532,nl-NL
1532,it-IT
1532,es-ES
1533,fr-FR
1534,de-DE
1534,en-US
1534,ja-JP
1535,zh-CN
1535,es-ES
1535,de-DE
1535,fr-FR
1536,nl-NL
1536,fr-FR
1536,it-IT
1536,de-DE
1536,es-ES
1537,de-DE
1537,it-IT
1537,fr-FR
1537,es-ES
1537,pt-BR
1538,ja-JP
1538,de-DE
1538,fr-FR
1538,es-ES
1539,de-DE
1539,ja-JP
1539,en-US
1539,fr-FR
1540,ja-JP
1541,fr-FR
1541,de-DE
1541,en-US
1542,es-ES
1542,fr-FR
1543,de-DE
1543,ja-JP
1543,it-IT
1543,es-ES
1544,ja-JP
1544,en-US
1545,es-ES
1546,ja-JP
1547,it-IT
1547,fr-FR
1547,nl-NL
1547,es-ES
1548,fr-FR
1549,fr-FR
1549,es-ES
1550,de-DE
1550,ja-JP
1550,es-ES
1550,fr-FR
1550,it-IT
1551,it-IT
1551,es-ES
1551,ja-JP
1551,de-DE
1551,fr-FR
1552,it-IT
1552,es-ES
1553,fr-FR
1554,en-GB
1554,de-DE
1554,fr-FR
1555,ja-JP
1555,fr-FR
1555,es-ES
1555,it-IT
1555,de-DE
1556,fr-FR
1557,fr-FR
1557,de-DE
1557,ja-JP
1557,es-ES
1558,ja-JP
1558,fr-FR
1558,de-DE
1558,ko-KR
1558,es-ES
1559,fr-FR
1559,ja-JP
1559,ko-KR
1560,pl-PL
1560,it-IT
1560,de-DE
1560,fr-FR
1560,es-ES
1560,nl-NL
1561,es-ES
1561,fr-FR
1561,de-DE
1562,zh-CN
1562,ja-JP
1562,fr-FR
1562,de-DE
1563,es-ES
1563,de-DE
1563,ja-JP
1563,fr-FR
1564,de-DE
1564,ja-JP
1565,es-ES
1565,zh-CN
1565,fr-FR
1565,de-DE
1566,it-IT
1566,es-ES
1566,de-DE
1566,fr-FR
1566,ja-JP
1567,ja-JP
1567,fr-FR
1567,de-DE
1567,es-ES
1568,fr-FR
1568,es-ES
1568,ja-JP
1568,de-DE
1569,de-DE
1569,en-US
1569,es-ES
1569,fr-FR
1570,ja-JP
1570,es-ES
1571,ko-KR
1571,de-DE
1571,es-ES
1571,ja-JP
1571,fr-FR
1572,de-DE
1572,fr-FR
1572,pt-BR
1572,it-IT
1572,es-ES
1573,ja-JP
1574,fr-FR
1574,ko-KR
1574,es-ES
1574,de-DE
1574,ja-JP
1575,nl-NL
1575,fr-FR
1575,es-ES
1576,it-IT
1577,it-IT
1577,ja-JP
1577,de-DE
1578,es-ES
1578,fr-FR
1578,ja-JP
1578,de-DE
1579,fr-FR
1580,fr-FR
1580,en-US
1581,de-DE
1581,ja-JP
1581,es-ES
1581,zh-CN
1582,ja-JP
1582,es-ES
1582,ko-KR
1582,de-DE
1583,es-ES
1583,de-DE
1583,nl-NL
1583,pl-PL
1583,it-IT
1584,en-GB
1584,fr-FR
1584,de-DE
1585,de-DE
1586,zh-CN
1586,de-DE
1586,fr-FR
1587,en-US
1588,nl-NL
1588,de-DE
1588,it-IT
1589,pt-BR
1589,es-ES
1589,de-DE
1589,ja-JP
1589,fr-FR
1590,da-DK
1590,es-ES
1590,fr-FR
1591,es-ES
1591,fr-FR
1591,de-DE
1592,es-ES
1592,fr-FR
1592,it-IT
1593,es-ES
1593,fr-FR
1594,fr-FR
1594,ja-JP
1594,ko-KR
1594,de-DE
1594,es-ES
1595,es-ES
1596,fr-FR
1596,ko-KR
1596,de-DE
1596,ja-JP
1596,es-ES
1597,es-ES
1598,ja-JP
1598,de-DE
1598,es-ES
1599,es-ES
1599,da-DK
1599,fr-FR
1599,de-DE
1600,ja-JP
1600,de-DE
1600,ko-KR
1601,fr-FR
1601,de-DE
1601,es-ES
1602,ja-JP
1602,fr-FR
1603,ja-JP
1604,it-IT
1605,de-DE
1606,it-IT
1606,de-DE
1606,es-ES
1606,fr-FR
1606,nl-NL
1607,es-ES
1607,fr-FR
1607,de-DE
1607,da-DK
1608,es-ES
1608,fr-FR
1609,es-ES
1609,fr-FR
1609,de-DE
1609,ja-JP
1609,ko-KR
1610,de-DE
1610,es-ES
1610,fr-FR
1610,ja-JP
1611,es-ES
1611,de-DE
1612,it-IT
1612,es-ES
1612,fr-FR
1612,pt-BR
1612,de-DE
1613,fr-FR
1613,de-DE
1613,en-GB
1614,fr-FR
1614,de-DE
1614,nl-NL
1614,es-ES
1614,it-IT
1615,ja-JP
1616,de-DE
1616,fr-FR
1616,ja-JP
1617,es-ES
1617,pt-BR
1617,it-IT
1617,de-DE
1617,fr-FR
1618,zh-CN
1618,fr-FR
1618,es-ES
1619,de-DE
1619,fr-FR
1619,es-ES
1620,de-DE
1621,de-DE
1621,es-ES
1622,de-DE
1622,ko-KR
1622,es-ES
1622,fr-FR
1622,ja-JP
1623,fr-FR
1623,ja-JP
1623,de-DE
1624,ja-JP
1624,fr-FR
1624,es-ES
1624,de-DE
1625,ja-JP
1625,de-DE
1625,zh-CN
1625,es-ES
1625,fr-FR
1626,es-ES
1626,ja-JP
1626,de-DE
1626,fr-FR
1627,nl-NL
1627,es-ES
1628,es-ES
1628,fr-FR
1628,ja-JP
1629,fr-FR
1630,ko-KR
1630,ja-JP
1630,fr-FR
1630,zh-CN
1630,de-DE
1631,en-US
1631,fr-FR
1631,ja-JP
1631,de-DE
1632,ja-JP
1633,de-DE
1633,es-ES
1634,de-DE
1634,ja-JP
1634,fr-FR
1635,zh-CN
1635,ja-JP
1636,es-ES
1636,nl-NL
1636,it-IT
1636,fr-FR
1636,de-DE
1637,ja-JP
1637,de-DE
1637,en-US
1637,fr-FR
1638,de-DE
1638,it-IT
1638,fr-FR
1638,es-ES
1639,de-DE
1639,fr-FR
1639,es-ES
1639,zh-CN
1640,fr-FR
1640,en-GB
1640,de-DE
1641,zh-CN
1642,fr-FR
1642,de-DE
1642,ja-JP
1642,pt-BR
1642,es-ES
1643,ja-JP
1644,de-DE
1644,fr-FR
1644,es-ES
1644,ja-JP
1645,ko-KR
1645,de-DE
1645,fr-FR
1645,es-ES
1646,it-IT
1646,fr-FR
1647,de-DE
1648,es-ES
1649,en-US
1649,de-DE
1650,ja-JP
1650,ko-KR
1650,de-DE
1650,fr-FR
1650,es-ES
1651,de-DE
1651,ja-JP
1651,es-ES
1651,ko-KR
1651,fr-FR
1652,fr-FR
1652,de-DE
1652,it-IT
1653,de-DE
1653,zh-CN
1653,es-ES
1653,fr-FR
1654,de-DE
1654,es-ES
1654,nl-NL
1654,it-IT
1654,fr-FR
1655,de-DE
1655,fr-FR
1655,it-IT
1656,fr-FR
1656,ja-JP
1656,it-IT
1656,de-DE
1656,es-ES
1657,de-DE
1657,ja-JP
1657,fr-FR
1657,es-ES
1658,ja-JP
1658,es-ES
1658,ko-KR
1659,ja-JP
1659,es-ES
1659,fr-FR
1659,de-DE
1660,fr-FR
1660,en-US
1660,de-DE
1660,ja-JP
1661,de-DE
1661,es-ES
1661,fr-FR
1662,ko-KR
1662,de-DE
1662,ja-JP
1663,es-ES
1663,fr-FR
1663,de-DE
1663,it-IT
1663,nl-NL
1664,de-DE
1665,fr-FR
1665,es-ES
1665,de-DE
1666,ja-JP
1666,ko-KR
1666,zh-CN
1667,en-GB
1667,fr-FR
1667,de-DE
1668,en-US
1668,ja-JP
1668,de-DE
1668,fr-FR
1669,fr-FR
1670,de-DE
1670,es-ES
1670,fr-FR
1670,it-IT
1671,nl-NL
1671,fr-FR
1671,pl-PL
1671,de-DE
1671,it-IT
1671,es-ES
1672,de-DE
1673,fr-FR
1673,es-ES
1673,de-DE
1673,ja-JP
1674,fr-FR
1674,it-IT
1675,fr-FR
1676,zh-CN
1676,es-ES
1676,fr-FR
1676,de-DE
1677,de-DE
1677,ja-JP
1678,de-DE
1678,ko-KR
1679,pt-BR
1680,zh-CN
1680,fr-FR
1680,ko-KR
1680,de-DE
1680,ja-JP
1681,fr-FR
1681,zh-CN
1681,es-ES
1681,de-DE
1682,de-DE
1683,ja-JP
1683,es-ES
1683,fr-FR
1683,de-DE
1683,ko-KR
1684,fr-FR
1685,ja-JP
1685,es-ES
1685,de-DE
1685,fr-FR
1686,de-DE
1686,it-IT
1686,ja-JP
1686,es-ES
1686,fr-FR
1687,fr-FR
1687,en-US
1687,ja-JP
1688,de-DE
1688,ja-JP
1689,it-IT
1689,es-ES
1689,fr-FR
1689,ja-JP
1689,de-DE
1690,it-IT
1690,fr-FR
1690,de-DE
1690,es-ES
1691,fr-FR
1691,en-US
1691,es-ES
1691,de-DE
1692,fr-FR
1692,zh-CN
1693,ja-JP
1693,ko-KR
1694,ja-JP
1694,zh-CN
1695,de-DE
1695,it-IT
1695,fr-FR
1695,ja-JP
1695,es-ES
1696,de-DE
1696,fr-FR
1696,en-GB
1697,nl-NL
1697,de-DE
1698,fr-FR
1698,ja-JP
1698,de-DE
1698,zh-CN
1699,fr-FR
1699,ja-JP
1699,es-ES
1700,ko-KR
1700,de-DE
1700,es-ES
1701,fr-FR
1701,ko-KR
1701,ja-JP
1701,es-ES
1701,de-DE
1702,fr-FR
1702,en-US
1702,ja-JP
1702,de-DE
1703,zh-CN
1703,ja-JP
1703,fr-FR
1703,de-DE
1704,de-DE
1704,fr-FR
1704,zh-CN
1705,ko-KR
1705,es-ES
1705,de-DE
1705,fr-FR
1706,de-DE
1706,fr-FR
1707,fr-FR
1707,de-DE
1708,es-ES
1708,de-DE
1708,fr-FR
1708,da-DK
1709,de-DE
1709,es-ES
1709,it-IT
1709,fr-FR
1709,nl-NL
1710,it-IT
1710,es-ES
1710,pt-BR
1710,fr-FR
1710,de-DE
1711,es-ES
1711,de-DE
1711,fr-FR
1711,ko-KR
1712,de-DE
1712,ja-JP
1712,fr-FR
1712,es-ES
1712,it-IT
1713,en-US
1713,ja-JP
1713,fr-FR
1714,fr-FR
1714,de-DE
1715,ja-JP
1715,fr-FR
1716,zh-CN
1716,fr-FR
1716,de-DE
1717,ko-KR
1717,es-ES
1717,ja-JP
1717,fr-FR
1717,de-DE
1718,en-US
1718,de-DE
1718,ja-JP
1718,fr-FR
1719,it-IT
1719,pt-BR
1720,de-DE
1720,fr-FR
1720,da-DK
1721,de-DE
1721,ja-JP
1722,fr-FR
1722,es-ES
1723,fr-FR
1724,es-ES
1725,fr-FR
1725,it-IT
1725,de-DE
1725,es-ES
1726,ko-KR
1726,de-DE
1726,ja-JP
1726,fr-FR
1726,es-ES
1727,ja-JP
1727,it-IT
1728,it-IT
1728,de-DE
1729,ja-JP
1729,de-DE
1729,zh-CN
1729,fr-FR
1729,ko-KR
1730,it-IT
1730,fr-FR
1731,fr-FR
1731,ja-JP
1731,ko-KR
1731,de-DE
1731,es-ES
1732,ko-KR
1732,ja-JP
1733,fr-FR
1733,ko-KR
1733,ja-JP
1733,es-ES
1733,de-DE
1734,fr-FR
1734,en-US
1734,de-DE
1734,ja-JP
1735,en-GB
1735,fr-FR
1735,ja-JP
1735,es-ES
1735,de-DE
1736,de-DE
1736,fr-FR
1736,es-ES
1736,zh-CN
1737,ko-KR
1737,fr-FR
1737,zh-CN
1738,de-DE
1738,fr-FR
1738,es-ES
1738,ja-JP
1739,zh-CN
1740,ja-JP
1740,ko-KR
1740,fr-FR
1741,ja-JP
1741,en-US
1741,de-DE
1742,fr-FR
1742,de-DE
1742,ja-JP
1742,en-US
1743,fr-FR
1743,ja-JP
1743,zh-CN
1743,de-DE
1744,ja-JP
1744,ko-KR
1744,fr-FR
1745,ko-KR
1745,fr-FR
1745,ja-JP
1745,de-DE
1745,es-ES
1746,zh-CN
1746,de-DE
1746,ja-JP
1747,de-DE
1747,es-ES
1747,fr-FR
1748,fr-FR
1748,de-DE
1748,en-GB
1749,fr-FR
1749,it-IT
1749,de-DE
1749,es-ES
1749,ja-JP
1750,zh-CN
1750,ja-JP
1750,fr-FR
1750,de-DE
1750,ko-KR
1751,fr-FR
1751,de-DE
1751,zh-CN
1752,es-ES
1752,ja-JP
1752,de-DE
1752,fr-FR
1753,nl-NL
1754,fr-FR
1754,da-DK
1754,de-DE
1755,es-ES
1755,it-IT
1756,fr-FR
1756,da-DK
1756,de-DE
1756,es-ES
1757,fr-FR
1757,en-GB
1757,de-DE
1758,de-DE
1759,fr-FR
1759,en-GB
1759,de-DE
1760,fr-FR
1760,ko-KR
1760,ja-JP
1760,de-DE
1760,es-ES
1761,da-DK
1761,de-DE
1761,fr-FR
1761,es-ES
1762,fr-FR
1762,de-DE
1762,ja-JP
1762,es-ES
1763,de-DE
1764,ja-JP
1764,de-DE
1764,es-ES
1765,fr-FR
1765,de-DE
1765,en-GB
1766,ja-JP
1766,de-DE
1766,fr-FR
1766,es-ES
1767,fr-FR
1768,es-ES
1768,fr-FR
1769,fr-FR
1770,de-DE
1770,zh-CN
1770,fr-FR
1771,es-ES
1771,ja-JP
1771,fr-FR
1771,de-DE
1772,es-ES
1772,pt-BR
1772,de-DE
1772,fr-FR
1772,ja-JP
1773,ja-JP
1773,es-ES
1773,de-DE
1773,fr-FR
1774,pt-BR
1775,en-US
1775,de-DE
1775,ja-JP
1775,fr-FR
1776,de-DE
1776,ja-JP
1776,es-ES
1777,ja-JP
1777,de-DE
1777,fr-FR
1777,es-ES
1778,es-ES
1778,ko-KR
1779,fr-FR
1779,ja-JP
1779,de-DE
1780,ja-JP
1780,ko-KR
1781,de-DE
1781,es-ES
1781,fr-FR
1781,ko-KR
1781,ja-JP
1782,fr-FR
1782,es-ES
1782,de-DE
1782,ja-JP
1783,fr-FR
1783,zh-CN
1783,es-ES
1783,de-DE
1784,fr-FR
1785,de-DE
1785,fr-FR
1785,ja-JP
1785,es-ES
1786,fr-FR
1786,zh-CN
1786,ja-JP
1786,de-DE
1786,ko-KR
1787,zh-CN
1787,de-DE
1787,fr-FR
1787,ko-KR
1787,ja-JP
1788,fr-FR
1789,ja-JP
1789,fr-FR
1789,es-ES
1789,de-DE
1790,de-DE
1790,en-US
1790,es-ES
1791,fr-FR
1791,ko-KR
1791,es-ES
1792,fr-FR
1793,fr-FR
1793,ja-JP
1793,zh-CN
1793,es-ES
1793,de-DE
1794,es-ES
1794,ja-JP
1795,fr-FR
1795,de-DE
1795,ja-JP
1795,en-US
1796,es-ES
1796,de-DE
1796,zh-CN
1796,fr-FR
1797,de-DE
1797,es-ES
1798,de-DE
1799,fr-FR
1799,de-DE
1800,fr-FR
1800,zh-CN
1801,de-DE
1801,fr-FR
1801,it-IT
1802,ja-JP
1802,de-DE
1803,de-DE
1803,es-ES
1803,fr-FR
1803,ko-KR
1803,ja-JP
1804,es-ES
1804,fr-FR
1804,de-DE
1804,it-IT
1804,ja-JP
1805,zh-CN
1805,ja-JP
1805,fr-FR
1805,de-DE
1805,es-ES
1806,de-DE
1806,fr-FR
1806,ja-JP
1806,pt-BR
1806,es-ES
1807,de-DE
1807,ko-KR
1807,fr-FR
1807,ja-JP
1808,de-DE
1809,fr-FR
1809,ja-JP
1809,de-DE
1810,zh-CN
1810,de-DE
1810,es-ES
1810,fr-FR
1810,ja-JP
1811,pt-BR
1811,it-IT
1811,fr-FR
1811,es-ES
1811,de-DE
1812,de-DE
1812,es-ES
1812,it-IT
1812,fr-FR
1812,ja-JP
1813,es-ES
1813,it-IT
1814,de-DE
1814,es-ES
1814,pt-BR
1815,fr-FR
1815,ja-JP
1815,es-ES
1816,it-IT
1816,fr-FR
1816,es-ES
1816,de-DE
1817,ja-JP
1817,en-US
1818,it-IT
1818,de-DE
1818,es-ES
1818,ja-JP
1818,fr-FR
1819,de-DE
1819,fr-FR
1819,ja-JP
1819,es-ES
1820,fr-FR
1820,de-DE
1820,en-GB
1821,en-US
1821,de-DE
1822,fr-FR
1822,zh-CN
1822,de-DE
1823,es-ES
1823,fr-FR
1823,de-DE
1824,en-GB
1824,fr-FR
1824,de-DE
1825,zh-CN
1826,de-DE
1826,fr-FR
1826,it-IT
1826,es-ES
1826,nl-NL
1827,de-DE
1827,ja-JP
1827,fr-FR
1828,fr-FR
1828,de-DE
1828,it-IT
1828,es-ES
1828,nl-NL
1829,ko-KR
1829,fr-FR
1829,es-ES
1829,ja-JP
1830,es-ES
1831,ja-JP
1831,fr-FR
1831,it-IT
1831,de-DE
1831,es-ES
1832,fr-FR
1832,ja-JP
1832,ko-KR
1832,de-DE
1832,es-ES
1833,es-ES
1833,ko-KR
1833,fr-FR
1833,de-DE
1833,ja-JP
1834,ja-JP
1835,de-DE
1835,ja-JP
1835,es-ES
1835,fr-FR
1836,ko-KR
1836,es-ES
1836,de-DE
1836,fr-FR
1837,de-DE
1837,es-ES
1837,ja-JP
1837,fr-FR
1838,fr-FR
1838,ja-JP
1839,de-DE
1839,fr-FR
1839,ja-JP
1839,es-ES
1840,de-DE
1840,ja-JP
1840,fr-FR
1840,es-ES
1841,es-ES
1841,fr-FR
1841,ko-KR
1841,de-DE
1842,fr-FR
1842,ja-JP
1842,es-ES
1842,ko-KR
1842,de-DE
1843,ja-JP
1843,fr-FR
1843,es-ES
1844,zh-CN
1845,it-IT
1846,es-ES
1846,fr-FR
1846,en-US
1847,es-ES
1847,fr-FR
1847,ja-JP
1847,de-DE
1848,ja-JP
1849,de-DE
1849,es-ES
1849,zh-CN
1850,en-GB
1850,de-DE
1851,it-IT
1851,de-DE
1851,pl-PL
1852,zh-CN
1852,fr-FR
1853,de-DE
1853,ja-JP
1854,es-ES
1854,pt-BR
1854,ja-JP
1855,de-DE
1855,nl-NL
1856,de-DE
1857,en-GB
1857,fr-FR
1857,de-DE
1858,ja-JP
1859,ja-JP
1859,de-DE
1859,es-ES
1859,ko-KR
1859,fr-FR
1860,fr-FR
1861,it-IT
1862,zh-CN
1862,fr-FR
1862,es-ES
1862,ja-JP
1862,de-DE
1863,fr-FR
1864,de-DE
1865,fr-FR
1865,de-DE
1865,ko-KR
1865,ja-JP
1865,zh-CN
1866,fr-FR
1866,de-DE
1866,zh-CN
1867,de-DE
1867,ja-JP
1867,es-ES
1868,ko-KR
1868,ja-JP
1868,de-DE
1868,fr-FR
1868,es-ES
1869,fr-FR
1869,de-DE
1869,en-GB
1869,ja-JP
1869,es-ES
1870,fr-FR
1870,ja-JP
1870,es-ES
1870,de-DE
1871,fr-FR
1872,ja-JP
1872,de-DE
1873,ja-JP
1873,fr-FR
1873,de-DE
1874,en-US
1874,de-DE
1874,ja-JP
1874,fr-FR
1875,es-ES
1875,fr-FR
1875,da-DK
1875,de-DE
1876,en-US
1876,de-DE
1877,es-ES
1877,ja-JP
1877,de-DE
1878,es-ES
1878,fr-FR
1878,ko-KR
1878,ja-JP
1878,de-DE
1879,de-DE
1879,it-IT
1879,fr-FR
1879,ja-JP
1879,es-ES
1880,fr-FR
1880,it-IT
1880,es-ES
1880,ja-JP
1880,de-DE
1881,fr-FR
1881,de-DE
1881,it-IT
1881,ja-JP
1881,es-ES
1882,zh-CN
1882,de-DE
1882,ja-JP
1882,fr-FR
1883,es-ES
1883,fr-FR
1883,it-IT
1883,de-DE
1884,de-DE
1884,zh-CN
1885,fr-FR
1885,es-ES
1885,ja-JP
1885,de-DE
1886,ja-JP
1886,en-US
1886,de-DE
1887,fr-FR
1887,de-DE
1887,zh-CN
1888,fr-FR
1888,en-GB
1888,de-DE
1889,en-GB
1889,ja-JP
1889,fr-FR
1889,de-DE
1889,es-ES
1890,de-DE
1891,en-US
1891,ja-JP
1892,zh-CN
1892,ja-JP
1892,de-DE
1893,de-DE
1894,da-DK
1895,zh-CN
1895,es-ES
1896,fr-FR
1896,zh-CN
1896,de-DE
1897,fr-FR
1897,ja-JP
1897,ko-KR
1897,de-DE
1897,es-ES
1898,pt-BR
1898,it-IT
1898,fr-FR
1898,es-ES
1898,de-DE
1899,es-ES
1899,de-DE
1900,ja-JP
1901,de-DE
1901,ja-JP
1901,pt-BR
1901,fr-FR
1901,es-ES
1902,fr-FR
1902,ja-JP
1902,pt-BR
1902,de-DE
1902,es-ES
1903,zh-CN
1903,de-DE
1903,fr-FR
1903,ko-KR
1904,zh-CN
1904,ko-KR
1904,ja-JP
1905,de-DE
1905,fr-FR
1905,ja-JP
1905,ko-KR
1906,it-IT
1906,ja-JP
1906,es-ES
1906,fr-FR
1907,de-DE
1907,pt-BR
1908,it-IT
1908,nl-NL
1908,es-ES
1908,fr-FR
1908,de-DE
1909,fr-FR
1909,pt-BR
1910,en-GB
1911,en-US
1911,ja-JP
1911,fr-FR
1912,fr-FR
1912,de-DE
1913,zh-CN
1913,fr-FR
1913,ja-JP
1913,de-DE
1914,zh-CN
1914,es-ES
1914,de-DE
1915,fr-FR
1915,ja-JP
1915,de-DE
1915,ko-KR
1915,es-ES
1916,ja-JP
1916,zh-CN
1917,fr-FR
1917,en-GB
1917,de-DE
1918,de-DE
1919,es-ES
1919,en-US
1919,fr-FR
1919,de-DE
1920,fr-FR
1920,de-DE
1921,fr-FR
1921,da-DK
1921,es-ES
1921,de-DE
1922,ja-JP
1922,fr-FR
1922,ko-KR
1923,ja-JP
1924,de-DE
1925,de-DE
1925,en-GB
1925,fr-FR
1926,ja-JP
1926,de-DE
1927,en-GB
1928,de-DE
1928,fr-FR
1928,en-GB
1929,pt-BR
1930,ja-JP
1930,es-ES
1930,zh-CN
1931,de-DE
1931,zh-CN
1931,ja-JP
1931,fr-FR
1932,de-DE
1932,fr-FR
1932,es-ES
1932,it-IT
1933,fr-FR
1933,es-ES
1933,it-IT
1934,de-DE
1934,ja-JP
1934,es-ES
1934,ko-KR
1935,de-DE
1935,es-ES
1935,fr-FR
1935,it-IT
1935,nl-NL
1936,it-IT
1936,de-DE
1936,fr-FR
1936,pt-BR
1936,es-ES
1937,en-GB
1937,fr-FR
1937,de-DE
1938,es-ES
1939,de-DE
1939,es-ES
1939,ja-JP
1939,fr-FR
1940,pt-BR
1940,de-DE
1940,fr-FR
1941,fr-FR
1942,de-DE
1942,en-GB
1942,fr-FR
1943,de-DE
1943,fr-FR
1943,ja-JP
1943,es-ES
1944,es-ES
1944,fr-FR
1945,de-DE
1946,zh-CN
1946,fr-FR
1946,es-ES
1947,fr-FR
1948,fr-FR
1949,de-DE
1949,fr-FR
1949,ja-JP
1949,es-ES
1949,it-IT
1950,de-DE
1950,fr-FR
1950,nl-NL
1950,it-IT
1950,es-ES
1950,pl-PL
1951,es-ES
1951,fr-FR
1952,zh-CN
1953,ja-JP
1953,fr-FR
1953,it-IT
1954,en-GB
1954,de-DE
1955,it-IT
1955,de-DE
1955,fr-FR
1955,es-ES
1956,es-ES
1956,de-DE
1956,fr-FR
1956,en-US
1957,de-DE
1957,en-US
1957,ja-JP
1958,ko-KR
1958,ja-JP
1958,de-DE
1958,es-ES
1958,fr-FR
1959,en-GB
1960,ko-KR
1960,ja-JP
1960,zh-CN
1960,fr-FR
1960,de-DE
1961,fr-FR
1962,de-DE
1962,es-ES
1962,it-IT
1962,fr-FR
1963,ja-JP
1963,es-ES
1963,it-IT
1964,fr-FR
1964,es-ES
1964,zh-CN
1965,de-DE
1966,fr-FR
1966,ko-KR
1966,de-DE
1966,ja-JP
1966,es-ES
1967,de-DE
1967,zh-CN
1967,fr-FR
1968,ko-KR
1968,ja-JP
1969,es-ES
1969,pt-BR
1969,de-DE
1970,nl-NL
1970,it-IT
1970,es-ES
1971,nl-NL
1971,fr-FR
1971,de-DE
1971,it-IT
1971,es-ES
1972,en-US
1972,de-DE
1972,fr-FR
1972,ja-JP
1973,de-DE
1973,it-IT
1973,fr-FR
1973,es-ES
1973,pt-BR
1974,it-IT
1974,es-ES
1974,ja-JP
1974,de-DE
1975,it-IT
1975,de-DE
1975,es-ES
1975,pl-PL
1975,fr-FR
1975,nl-NL
1976,es-ES
1977,ja-JP
1977,es-ES
1977,fr-FR
1977,de-DE
1978,ko-KR
1979,de-DE
1979,ja-JP
1979,fr-FR
1979,en-US
1980,ja-JP
1980,zh-CN
1980,de-DE
1980,ko-KR
1980,fr-FR
1981,fr-FR
1981,ja-JP
1981,it-IT
1981,de-DE
1981,es-ES
1982,de-DE
1982,zh-CN
1983,de-DE
1984,de-DE
1984,ja-JP
1984,fr-FR
1984,es-ES
1984,ko-KR
1985,de-DE
1985,fr-FR
1985,ja-JP
1985,zh-CN
1986,de-DE
1987,ko-KR
1987,es-ES
1988,es-ES
1988,fr-FR
1988,de-DE
1989,de-DE
1989,fr-FR
1989,es-ES
1990,de-DE
1990,ja-JP
1990,it-IT
1990,es-ES
1990,fr-FR
1991,es-ES
1991,de-DE
1991,fr-FR
1991,ja-JP
1992,de-DE
1992,fr-FR
1992,ja-JP
1992,es-ES
1993,de-DE
1993,es-ES
1993,ja-JP
1993,fr-FR
1993,it-IT
1994,it-IT
1994,fr-FR
1994,de-DE
1995,ja-JP
1995,de-DE
1995,fr-FR
1995,it-IT
1995,es-ES
1996,zh-CN
1996,de-DE
1996,ko-KR
1996,ja-JP
1997,zh-CN
1997,de-DE
1997,ja-JP
1997,fr-FR
1998,ja-JP
1998,de-DE
1998,fr-FR
1998,ko-KR
1998,es-ES
1999,es-ES
1999,de-DE
1999,fr-FR
1999,da-DK
2000,ja-JP
2000,ko-KR
2000,fr-FR
2000,es-ES
2000,de-DE
2001,en-GB
2001,de-DE
2001,fr-FR
2002,fr-FR
2002,es-ES
2002,it-IT
2002,de-DE
2002,ja-JP
2003,fr-FR
2003,zh-CN
2003,de-DE
2004,fr-FR
2004,ja-JP
2004,en-US
2004,de-DE
2005,it-IT
2005,de-DE
2005,fr-FR
2005,es-ES
2005,ja-JP
2006,it-IT
2006,es-ES
2006,ja-JP
2007,de-DE
2007,es-ES
2007,fr-FR
2007,da-DK
2008,es-ES
2008,ja-JP
2009,en-GB
2009,de-DE
2009,fr-FR
2010,de-DE
2010,es-ES
2010,ja-JP
2010,fr-FR
2011,ja-JP
2011,fr-FR
2011,de-DE
2012,es-ES
2012,ja-JP
2012,fr-FR
2013,ja-JP
2013,es-ES
2013,it-IT
2013,de-DE
2013,fr-FR
2014,zh-CN
2014,fr-FR
2014,de-DE
2014,es-ES
2015,de-DE
2015,es-ES
2015,it-IT
2015,fr-FR
2016,es-ES
2016,de-DE
2016,fr-FR
2016,zh-CN
2017,de-DE
2017,fr-FR
2017,es-ES
2017,ja-JP
2018,zh-CN
2018,fr-FR
2018,ja-JP
2019,ja-JP
2020,ja-JP
2021,de-DE
2021,da-DK
2021,es-ES
2022,zh-CN
2022,fr-FR
2022,de-DE
2023,en-GB
2023,de-DE
2024,en-US
2024,es-ES
2025,it-IT
2025,fr-FR
2025,es-ES
2026,ko-KR
2026,ja-JP
2026,fr-FR
2026,es-ES
2026,de-DE
2027,de-DE
2027,es-ES
2027,ja-JP
2027,fr-FR
2027,zh-CN
2028,fr-FR
2028,de-DE
2028,en-GB
2029,ja-JP
2029,de-DE
2029,fr-FR
2029,en-US
2030,es-ES
2030,de-DE
2031,fr-FR
2032,ja-JP
2033,es-ES
2033,ja-JP
2033,en-GB
2033,de-DE
2033,fr-FR
2034,de-DE
2034,ja-JP
2034,fr-FR
2034,es-ES
2035,de-DE
2036,nl-NL
2036,it-IT
2036,de-DE
2036,fr-FR
2037,ja-JP
2037,de-DE
2037,es-ES
2037,fr-FR
2038,en-GB
2038,fr-FR
2038,de-DE
2039,ja-JP
2039,zh-CN
2039,es-ES
2039,fr-FR
2040,fr-FR
2040,ja-JP
2040,de-DE
2040,es-ES
2041,ja-JP
2041,es-ES
2041,de-DE
2041,it-IT
2041,fr-FR
2042,fr-FR
2042,de-DE
2042,en-GB
2043,fr-FR
2043,es-ES
2043,ja-JP
2043,de-DE
2044,fr-FR
2044,ja-JP
2044,es-ES
2044,zh-CN
2044,de-DE
2045,ja-JP
2045,es-ES
2045,de-DE
2045,it-IT
2045,fr-FR
2046,es-ES
2046,fr-FR
2046,it-IT
2046,de-DE
2047,fr-FR
2047,zh-CN
2047,de-DE
2048,fr-FR
2048,de-DE
2048,zh-CN
2048,ja-JP
2049,de-DE
2049,ja-JP
2049,fr-FR
2049,es-ES
2050,de-DE
2051,ko-KR
2052,de-DE
2052,ja-JP
2052,fr-FR
2052,en-US
2053,ja-JP
2053,es-ES
2053,pt-BR
2053,fr-FR
2053,de-DE
2054,fr-FR
2054,ja-JP
2055,fr-FR
2055,es-ES
2055,ja-JP
2055,it-IT
2056,de-DE
2056,fr-FR
2057,zh-CN
2057,de-DE
2058,en-GB
2058,es-ES
2058,fr-FR
2058,de-DE
2058,ja-JP
2059,fr-FR
2060,da-DK
2061,de-DE
2061,fr-FR
2061,es-ES
2061,en-US
2062,ja-JP
2062,ko-KR
2062,fr-FR
2062,de-DE
2063,es-ES
2063,ko-KR
2063,ja-JP
2064,en-US
2064,de-DE
2064,ja-JP
2064,fr-FR
2065,de-DE
2065,en-US
2065,ja-JP
2065,fr-FR
2066,zh-CN
2066,es-ES
2066,de-DE
2066,fr-FR
2067,de-DE
2068,ja-JP
2068,de-DE
2068,en-US
2068,fr-FR
2069,fr-FR
2069,de-DE
2070,ja-JP
2070,es-ES
2071,es-ES
2071,ja-JP
2071,de-DE
2071,zh-CN
2071,fr-FR
2072,es-ES
2073,de-DE
2073,fr-FR
2074,nl-NL
2074,de-DE
2074,fr-FR
2074,es-ES
2074,it-IT
2075,en-GB
2075,fr-FR
2075,de-DE
2076,de-DE
2076,en-US
2077,de-DE
2077,es-ES
2077,fr-FR
2077,it-IT
2078,zh-CN
2078,de-DE
2078,fr-FR
2079,fr-FR
2079,de-DE
2079,nl-NL
2079,it-IT
2079,es-ES
2080,ko-KR
2080,ja-JP
2080,fr-FR
2080,de-DE
2080,es-ES
2081,en-US
2081,fr-FR
2081,de-DE
2081,es-ES
2082,ja-JP
2083,fr-FR
2083,de-DE
2083,zh-CN
2083,es-ES
2084,en-US
2084,fr-FR
2084,ja-JP
2084,de-DE
2085,fr-FR
2085,es-ES
2085,en-US
2086,ja-JP
2086,ko-KR
2086,es-ES
2087,ja-JP
2087,fr-FR
2087,de-DE
2088,de-DE
2088,fr-FR
2088,zh-CN
2088,ja-JP
2089,fr-FR
2089,de-DE
2089,ja-JP
2089,es-ES
2090,es-ES
2090,fr-FR
2090,da-DK
2091,it-IT
2091,es-ES
2091,fr-FR
2091,de-DE
2092,fr-FR
2092,es-ES
2092,ko-KR
2092,de-DE
2092,ja-JP
2093,ja-JP
2093,zh-CN
2093,de-DE
2094,de-DE
2094,fr-FR
2094,zh-CN
2095,nl-NL
2095,fr-FR
2095,de-DE
2095,es-ES
2095,it-IT
2095,pl-PL
2096,ja-JP
2096,fr-FR
2096,zh-CN
2096,ko-KR
2096,de-DE
2097,ja-JP
2097,de-DE
2097,es-ES
2097,fr-FR
2098,en-GB
2098,fr-FR
2098,de-DE
2099,zh-CN
2100,ja-JP
2100,ko-KR
2100,es-ES
2100,fr-FR
2100,de-DE
2101,fr-FR
2102,es-ES
2102,fr-FR
2102,ja-JP
2102,en-GB
2103,ja-JP
2103,es-ES
2103,fr-FR
2104,fr-FR
2105,en-GB
2105,de-DE
2105,fr-FR
2106,zh-CN
2107,ja-JP
2107,fr-FR
2107,it-IT
2107,de-DE
2107,es-ES
2108,de-DE
2108,fr-FR
2108,zh-CN
2109,en-GB
2110,fr-FR
2111,it-IT
2111,de-DE
2111,ja-JP
2111,fr-FR
2112,fr-FR
2112,ja-JP
2112,de-DE
2112,it-IT
2112,es-ES
2113,de-DE
2113,es-ES
2114,it-IT
2114,de-DE
2114,fr-FR
2114,ja-JP
2114,es-ES
2115,it-IT
2115,de-DE
2115,es-ES
2115,fr-FR
2115,ja-JP
2116,fr-FR
2116,ja-JP
2116,de-DE
2116,zh-CN
2117,es-ES
2118,es-ES
2118,fr-FR
2118,ja-JP
2118,de-DE
2119,de-DE
2119,ja-JP
2119,fr-FR
2120,de-DE
2120,es-ES
2120,fr-FR
2120,ja-JP
2121,fr-FR
2121,es-ES
2121,it-IT
2122,de-DE
2122,it-IT
2122,es-ES
2122,ja-JP
2123,es-ES
2123,de-DE
2123,fr-FR
2124,zh-CN
2124,de-DE
2124,fr-FR
2125,es-ES
2125,de-DE
2125,en-GB
2125,fr-FR
2125,ja-JP
2126,ja-JP
2127,de-DE
2128,de-DE
2128,fr-FR
2128,zh-CN
2129,fr-FR
2130,de-DE
2130,zh-CN
2130,es-ES
2130,fr-FR
2131,es-ES
2131,de-DE
2131,ja-JP
2131,fr-FR
2132,ja-JP
2132,en-GB
2132,es-ES
2133,ja-JP
2133,de-DE
2133,fr-FR
2133,ko-KR
2133,zh-CN
2134,de-DE
2135,de-DE
2136,de-DE
2136,it-IT
2136,nl-NL
2136,es-ES
2136,fr-FR
2137,de-DE
2137,en-US
2137,ja-JP
2137,fr-FR
2138,zh-CN
2138,de-DE
2138,fr-FR
2139,fr-FR
2139,de-DE
2139,es-ES
2139,it-IT
2140,it-IT
2141,ko-KR
2142,de-DE
2142,da-DK
2142,fr-FR
2143,es-ES
2143,fr-FR
2143,pt-BR
2143,ja-JP
2143,de-DE
2144,es-ES
2144,fr-FR
2144,de-DE
2144,it-IT
2145,fr-FR
2146,ja-JP
2147,zh-CN
2147,de-DE
2147,ko-KR
2148,ja-JP
2149,fr-FR
2149,de-DE
2150,es-ES
2150,ja-JP
2150,fr-FR
2150,de-DE
2151,da-DK
2151,fr-FR
2152,es-ES
2152,de-DE
2153,fr-FR
2153,en-US
2153,de-DE
2153,ja-JP
2154,es-ES
2154,fr-FR
2154,de-DE
2155,fr-FR
2156,es-ES
2156,de-DE
2156,fr-FR
2156,it-IT
2157,ko-KR
2157,de-DE
2157,es-ES
2158,it-IT
2158,fr-FR
2158,de-DE
2158,es-ES
2159,de-DE
2160,fr-FR
2160,es-ES
2160,de-DE
2161,ja-JP
2162,fr-FR
2163,es-ES
2163,de-DE
2163,ja-JP
2163,fr-FR
2164,fr-FR
2164,de-DE
2164,en-GB
2165,en-US
2165,fr-FR
2165,de-DE
2166,de-DE
2166,fr-FR
2166,ja-JP
2166,zh-CN
2167,es-ES
2167,fr-FR
2167,pt-BR
2167,it-IT
2167,de-DE
2168,es-ES
2168,fr-FR
2168,de-DE
2169,it-IT
2169,de-DE
2169,fr-FR
2170,fr-FR
2170,es-ES
2170,it-IT
2170,nl-NL
2170,de-DE
2171,da-DK
2171,es-ES
2171,de-DE
2171,fr-FR
2172,it-IT
2172,fr-FR
2172,es-ES
2172,de-DE
2173,es-ES
2173,pt-BR
2173,it-IT
2173,fr-FR
2173,de-DE
2174,es-ES
2174,it-IT
2174,ja-JP
2174,de-DE
2174,fr-FR
2175,en-GB
2176,it-IT
2176,ja-JP
2176,fr-FR
2176,es-ES
2176,de-DE
2177,es-ES
2178,it-IT
2178,es-ES
2178,nl-NL
2178,de-DE
2179,de-DE
2179,ja-JP
2180,es-ES
2180,fr-FR
2180,it-IT
2180,de-DE
2180,nl-NL
2181,zh-CN
2181,es-ES
2181,fr-FR
2181,ja-JP
2182,de-DE
2183,fr-FR
2183,es-ES
2184,fr-FR
2184,zh-CN
2184,de-DE
2184,ja-JP
2185,ja-JP
2185,en-US
2185,de-DE
2186,es-ES
2187,ja-JP
2187,fr-FR
2187,de-DE
2187,zh-CN
2188,ja-JP
2189,en-GB
2189,de-DE
2189,fr-FR
2190,fr-FR
2190,de-DE
2190,ko-KR
2190,ja-JP
2191,es-ES
2191,en-GB
2191,ja-JP
2191,fr-FR
2191,de-DE
2192,en-GB
2192,de-DE
2192,fr-FR
2193,fr-FR
2193,ja-JP
2193,ko-KR
2193,es-ES
2193,de-DE
2194,ja-JP
2195,fr-FR
2195,ja-JP
2196,ja-JP
2196,de-DE
2196,fr-FR
2196,es-ES
2197,de-DE
2197,fr-FR
2197,en-GB
2198,fr-FR
2198,ja-JP
2199,zh-CN
2199,fr-FR
2200,de-DE
2200,fr-FR
2201,de-DE
2201,it-IT
2201,fr-FR
2201,es-ES
2202,fr-FR
2202,de-DE
2202,en-GB
2203,es-ES
2203,de-DE
2203,fr-FR
2203,ja-JP
2203,it-IT
2204,ja-JP
2204,de-DE
2205,ja-JP
2206,ja-JP
2206,es-ES
2207,de-DE
2207,fr-FR
2208,fr-FR
2208,ja-JP
2208,es-ES
2208,de-DE
2209,es-ES
2209,de-DE
2209,fr-FR
2209,ja-JP
2210,en-GB
2210,fr-FR
2211,it-IT
2212,fr-FR
2212,de-DE
2212,zh-CN
2212,es-ES
2213,es-ES
2214,es-ES
2214,ko-KR
2214,de-DE
2214,fr-FR
2214,ja-JP
2215,fr-FR
2215,de-DE
2216,de-DE
2216,fr-FR
2216,zh-CN
2216,ja-JP
2217,de-DE
2218,ko-KR
2218,es-ES
2219,fr-FR
2219,ja-JP
2219,en-US
2219,de-DE
2220,fr-FR
2220,de-DE
2220,es-ES
2220,ja-JP
2221,ko-KR
2222,es-ES
2222,zh-CN
2222,fr-FR
2222,de-DE
2223,fr-FR
2223,zh-CN
2223,de-DE
2224,es-ES
2224,ja-JP
2224,fr-FR
2224,de-DE
2225,zh-CN
2225,ja-JP
2225,fr-FR
2225,de-DE
2226,es-ES
2226,it-IT
2226,ja-JP
2226,de-DE
2227,fr-FR
2227,es-ES
2227,de-DE
2227,en-US
2228,ja-JP
2229,ja-JP
2229,it-IT
2229,es-ES
2229,de-DE
2230,fr-FR
2230,de-DE
2230,es-ES
2230,da-DK
2231,fr-FR
2231,ja-JP
2231,en-US
2231,de-DE
2232,en-GB
2232,fr-FR
2232,de-DE
2233,de-DE
2233,pt-BR
2233,ja-JP
2233,fr-FR
2233,es-ES
2234,es-ES
2234,ja-JP
2234,fr-FR
2235,fr-FR
2235,ja-JP
2235,en-US
2235,de-DE
2236,fr-FR
2236,de-DE
2237,fr-FR
2237,es-ES
2237,de-DE
2237,zh-CN
2238,de-DE
2238,en-GB
2239,pt-BR
2239,ja-JP
2240,es-ES
2240,de-DE
2240,da-DK
2240,fr-FR
2241,ja-JP
2242,de-DE
2242,fr-FR
2243,fr-FR
2243,es-ES
2243,de-DE
2243,ja-JP
2244,es-ES
2244,ja-JP
2244,fr-FR
2245,ja-JP
2246,en-GB
2246,de-DE
2247,fr-FR
2247,es-ES
2247,it-IT
2247,de-DE
2247,ja-JP
2248,es-ES
2248,ja-JP
2248,fr-FR
2248,de-DE
2249,ja-JP
2249,fr-FR
2249,de-DE
2249,es-ES
2249,ko-KR
2250,zh-CN
2250,fr-FR
2250,de-DE
2250,ja-JP
2251,fr-FR
2252,zh-CN
2253,de-DE
2253,fr-FR
2253,zh-CN
2253,es-ES
2254,zh-CN
2254,fr-FR
2254,es-ES
2254,ja-JP
2254,de-DE
2255,es-ES
2256,en-GB
2256,fr-FR
2256,de-DE
2257,ja-JP
2258,ja-JP
2258,es-ES
2259,fr-FR
2259,en-GB
2259,ja-JP
2260,de-DE
2260,fr-FR
2260,es-ES
2261,de-DE
2261,es-ES
2261,en-US
2261,fr-FR
2262,es-ES
2262,fr-FR
2262,ja-JP
2263,fr-FR
2263,ja-JP
2263,es-ES
2263,de-DE
2264,es-ES
2264,de-DE
2265,de-DE
2265,fr-FR
2265,zh-CN
2266,da-DK
2266,fr-FR
2266,es-ES
2266,de-DE
2267,fr-FR
2267,it-IT
2267,de-DE
2268,es-ES
2268,it-IT
2268,fr-FR
2268,de-DE
2269,fr-FR
2269,es-ES
2269,ja-JP
2269,ko-KR
2269,de-DE
2270,fr-FR
2270,de-DE
2271,fr-FR
2271,de-DE
2271,it-IT
2271,pl-PL
2271,es-ES
2272,fr-FR
2272,ja-JP
2272,de-DE
2273,fr-FR
2274,ja-JP
2274,fr-FR
2274,es-ES
2275,zh-CN
2275,fr-FR
2275,de-DE
2275,ja-JP
2276,it-IT
2276,de-DE
2276,es-ES
2276,pt-BR
2276,fr-FR
2277,ko-KR
2277,de-DE
2277,ja-JP
2277,fr-FR
2277,zh-CN
2278,ja-JP
2278,fr-FR
2278,zh-CN
2278,de-DE
2278,ko-KR
2279,ja-JP
2279,de-DE
2279,fr-FR
2280,ja-JP
2280,fr-FR
2280,es-ES
2280,de-DE
2281,ja-JP
2282,fr-FR
2282,nl-NL
2282,es-ES
2282,de-DE
2282,it-IT
2283,ja-JP
2284,es-ES
2284,ko-KR
2285,it-IT
2285,de-DE
2285,es-ES
2286,ja-JP
2286,fr-FR
2286,es-ES
2287,es-ES
2287,de-DE
2287,it-IT
2288,de-DE
2288,ja-JP
2289,nl-NL
2289,fr-FR
2289,it-IT
2289,es-ES
2289,de-DE
2290,pt-BR
2291,ja-JP
2291,de-DE
2291,fr-FR
2291,es-ES
2292,de-DE
2292,fr-FR
2292,zh-CN
2293,zh-CN
2293,ja-JP
2293,fr-FR
2293,de-DE
2293,ko-KR
2294,es-ES
2294,fr-FR
2294,de-DE
2294,ja-JP
2294,it-IT
2295,ja-JP
2295,zh-CN
2295,fr-FR
2295,de-DE
2296,ja-JP
2296,es-ES
2296,fr-FR
2296,de-DE
2297,de-DE
2297,da-DK
2297,es-ES
2297,fr-FR
2298,de-DE
2298,es-ES
2298,ja-JP
2298,fr-FR
2299,de-DE
2299,es-ES
2299,ja-JP
2299,fr-FR
2299,en-GB
2300,ja-JP
2301,es-ES
2301,fr-FR
2302,es-ES
2302,ko-KR
2302,ja-JP
2302,de-DE
2303,fr-FR
2303,ja-JP
2303,de-DE
2303,es-ES
2304,ja-JP
2304,de-DE
2304,fr-FR
2305,es-ES
2305,en-GB
2305,ja-JP
2305,de-DE
2305,fr-FR
2306,ja-JP
2306,it-IT
2307,it-IT
2307,de-DE
2308,de-DE
2308,fr-FR
2308,ja-JP
2308,es-ES
2309,ja-JP
2309,ko-KR
2309,es-ES
2309,de-DE
2309,fr-FR
2310,ja-JP
2310,fr-FR
2310,de-DE
2310,ko-KR
2310,es-ES
2311,de-DE
2312,fr-FR
2312,ja-JP
2312,es-ES
2312,de-DE
2313,fr-FR
2313,es-ES
2313,de-DE
2313,zh-CN
2314,it-IT
2314,fr-FR
2314,pt-BR
2314,es-ES
2314,de-DE
2315,ja-JP
2316,de-DE
2316,nl-NL
2316,fr-FR
2316,pl-PL
2316,it-IT
2316,es-ES
2317,en-US
2317,ja-JP
2317,fr-FR
2317,de-DE
2318,zh-CN
2318,de-DE
2318,fr-FR
2319,ko-KR
2319,ja-JP
2319,fr-FR
2319,es-ES
2319,de-DE
2320,ja-JP
2320,es-ES
2320,fr-FR
2320,ko-KR
2320,de-DE
2321,es-ES
2321,de-DE
2321,fr-FR
2321,ko-KR
2321,ja-JP
2322,en-US
2323,es-ES
2323,de-DE
2323,da-DK
2323,fr-FR
2324,zh-CN
2324,fr-FR
2324,ja-JP
2324,de-DE
2325,ja-JP
2326,de-DE
2326,fr-FR
2326,it-IT
2327,ja-JP
2327,ko-KR
2327,de-DE
2327,fr-FR
2327,es-ES
2328,de-DE
2328,es-ES
2328,fr-FR
2328,ko-KR
2328,ja-JP
2329,ja-JP
2329,fr-FR
2329,de-DE
2329,es-ES
2330,de-DE
2331,ja-JP
2331,zh-CN
2331,fr-FR
2332,fr-FR
2332,de-DE
2333,ko-KR
2334,fr-FR
2334,de-DE
2335,de-DE
2335,fr-FR
2335,ja-JP
2336,pt-BR
2336,fr-FR
2336,es-ES
2336,it-IT
2336,de-DE
2337,de-DE
2337,es-ES
2338,es-ES
2339,de-DE
2339,fr-FR
2339,ja-JP
2339,en-US
2340,es-ES
2340,it-IT
2340,de-DE
2340,fr-FR
2341,fr-FR
2341,en-GB
2341,de-DE
2342,fr-FR
2343,ja-JP
2343,es-ES
2343,fr-FR
2343,ko-KR
2343,de-DE
2344,ja-JP
2344,es-ES
2344,fr-FR
2344,de-DE
2344,it-IT
2345,en-GB
2345,fr-FR
2345,ja-JP
2345,es-ES
2345,de-DE
2346,ja-JP
2346,de-DE
2347,es-ES
2347,fr-FR
2347,de-DE
2347,ko-KR
2347,ja-JP
2348,es-ES
2348,ja-JP
2348,de-DE
2348,ko-KR
2349,ja-JP
2349,es-ES
2349,de-DE
2349,fr-FR
2350,es-ES
2350,de-DE
2350,fr-FR
2350,it-IT
2351,fr-FR
2351,ja-JP
2352,es-ES
2353,fr-FR
2353,es-ES
2354,de-DE
2354,fr-FR
2354,da-DK
2354,es-ES
2355,fr-FR
2355,de-DE
2355,es-ES
2356,fr-FR
2357,es-ES
2357,it-IT
2358,fr-FR
2358,ja-JP
2358,es-ES
2358,ko-KR
2358,de-DE
2359,de-DE
2360,ja-JP
2360,de-DE
2360,es-ES
2360,fr-FR
2361,de-DE
2361,es-ES
2361,ja-JP
2361,ko-KR
2361,fr-FR
2362,es-ES
2363,de-DE
2364,ja-JP
2364,en-US
2364,fr-FR
2364,de-DE
2365,fr-FR
2365,es-ES
2365,ja-JP
2365,de-DE
2366,en-GB
2366,de-DE
2366,fr-FR
2367,ja-JP
2367,zh-CN
2367,fr-FR
2367,es-ES
2368,ko-KR
2368,es-ES
2369,de-DE
2369,zh-CN
2369,fr-FR
2369,ja-JP
2370,ja-JP
2370,it-IT
2370,fr-FR
2370,de-DE
2371,fr-FR
2371,en-US
2371,de-DE
2371,ja-JP
2372,fr-FR
2372,de-DE
2373,es-ES
2373,ja-JP
2374,fr-FR
2374,es-ES
2375,de-DE
2375,ja-JP
2375,fr-FR
2375,zh-CN
2376,es-ES
2377,de-DE
2378,fr-FR
2378,de-DE
2378,es-ES
2378,da-DK
2379,fr-FR
2379,de-DE
2379,zh-CN
2380,es-ES
2380,de-DE
2380,ja-JP
2381,de-DE
2382,de-DE
2382,fr-FR
2382,en-GB
2383,de-DE
2383,fr-FR
2384,es-ES
2384,de-DE
2385,it-IT
2386,ja-JP
2386,fr-FR
2387,de-DE
2388,ko-KR
2388,fr-FR
2388,es-ES
2389,ja-JP
2389,es-ES
2389,de-DE
2389,fr-FR
2389,en-GB
2390,fr-FR
2390,de-DE
2390,es-ES
2390,ja-JP
2391,da-DK
2392,fr-FR
2392,es-ES
2392,de-DE
2392,zh-CN
2393,it-IT
2393,nl-NL
2393,es-ES
2393,fr-FR
2393,pl-PL
2393,de-DE
2394,fr-FR
2394,pl-PL
2394,it-IT
2394,nl-NL
2394,es-ES
2394,de-DE
2395,es-ES
2395,ja-JP
2396,pt-BR
2396,de-DE
2397,ko-KR
2397,es-ES
2398,de-DE
2398,fr-FR
2398,da-DK
2398,es-ES
2399,de-DE
2399,ko-KR
2399,zh-CN
2399,ja-JP
2399,fr-FR
2400,de-DE
2400,es-ES
2400,pt-BR
2400,it-IT
2400,fr-FR
2401,fr-FR
2401,de-DE
2401,es-ES
2401,it-IT
2402,de-DE
2402,ja-JP
2402,en-GB
2403,en-GB
2403,de-DE
2403,fr-FR
2404,en-GB
2404,fr-FR
2405,it-IT
2405,fr-FR
2405,es-ES
2405,de-DE
2406,fr-FR
2406,ja-JP
2406,de-DE
2406,en-US
2407,ja-JP
2407,en-US
2408,ko-KR
2408,zh-CN
2408,de-DE
2408,fr-FR
2409,en-US
2410,es-ES
2411,zh-CN
2411,ja-JP
2412,en-GB
2413,fr-FR
2414,es-ES
2414,it-IT
2415,pt-BR
2415,es-ES
2415,ja-JP
2415,de-DE
2416,de-DE
2416,fr-FR
2416,en-US
2417,pt-BR
2417,fr-FR
2417,es-ES
2417,ja-JP
2417,de-DE
2418,it-IT
2418,es-ES
2418,fr-FR
2419,fr-FR
2419,de-DE
2419,da-DK
2419,es-ES
2420,es-ES
2420,de-DE
2421,de-DE
2421,fr-FR
2421,en-GB
2422,de-DE
2422,es-ES
2422,nl-NL
2422,it-IT
2423,ja-JP
2423,de-DE
2423,fr-FR
2423,es-ES
2424,fr-FR
2425,ko-KR
2425,zh-CN
2425,ja-JP
2425,fr-FR
2426,fr-FR
2427,ja-JP
2427,de-DE
2427,es-ES
2427,fr-FR
2427,ko-KR
2428,fr-FR
2428,de-DE
2428,en-GB
2429,fr-FR
2429,ja-JP
2429,en-US
2430,it-IT
2430,pl-PL
2430,de-DE
2430,nl-NL
2430,fr-FR
2431,ko-KR
2432,de-DE
2432,ja-JP
2432,es-ES
2432,it-IT
2432,fr-FR
2433,de-DE
2434,de-DE
2435,de-DE
2435,fr-FR
2435,es-ES
2435,it-IT
2436,ko-KR
2436,es-ES
2436,de-DE
2436,fr-FR
2437,zh-CN
2437,es-ES
2438,fr-FR
2438,it-IT
2438,de-DE
2439,es-ES
2439,ja-JP
2439,fr-FR
2439,de-DE
2439,pt-BR
2440,it-IT
2440,fr-FR
2440,de-DE
2440,es-ES
2441,de-DE
2441,en-GB
2441,fr-FR
2442,fr-FR
2442,ko-KR
2442,zh-CN
2442,de-DE
2443,fr-FR
2443,it-IT
2443,de-DE
2443,es-ES
2444,zh-CN
2444,fr-FR
2444,de-DE
2445,es-ES
2445,ja-JP
2446,it-IT
2447,fr-FR
2447,de-DE
2447,es-ES
2447,ja-JP
2448,fr-FR
2448,en-GB
2448,de-DE
2449,de-DE
2449,pt-BR
2449,fr-FR
2449,ja-JP
2450,fr-FR
2450,da-DK
2450,de-DE
2450,es-ES
2451,ja-JP
2451,es-ES
2451,ko-KR
2451,fr-FR
2452,es-ES
2452,fr-FR
2453,fr-FR
2453,en-US
2453,ja-JP
2453,de-DE
2454,de-DE
2455,ja-JP
2455,de-DE
2455,fr-FR
2455,es-ES
2456,fr-FR
2456,de-DE
2457,ja-JP
2457,es-ES
2457,de-DE
2457,fr-FR
2457,ko-KR
2458,es-ES
2458,ja-JP
2458,ko-KR
2458,fr-FR
2458,de-DE
2459,es-ES
2459,de-DE
2459,fr-FR
2459,en-US
2460,ko-KR
2460,ja-JP
2460,fr-FR
2461,fr-FR
2461,de-DE
2461,da-DK
2461,es-ES
2462,en-GB
2462,de-DE
2462,fr-FR
2463,es-ES
2463,de-DE
2463,fr-FR
2463,ko-KR
2463,ja-JP
2464,ja-JP
2464,zh-CN
2464,fr-FR
2464,ko-KR
2464,de-DE
2465,da-DK
2465,fr-FR
2465,es-ES
2466,ko-KR
2466,es-ES
2467,fr-FR
2468,es-ES
2468,it-IT
2468,de-DE
2468,nl-NL
2469,es-ES
2470,ja-JP
2470,de-DE
2470,ko-KR
2470,fr-FR
2470,zh-CN
2471,ja-JP
2471,pt-BR
2472,fr-FR
2472,de-DE
2472,it-IT
2473,ja-JP
2473,de-DE
2473,fr-FR
2474,fr-FR
2474,de-DE
2474,ja-JP
2474,es-ES
2475,fr-FR
2475,de-DE
2475,es-ES
2475,ja-JP
2476,de-DE
2476,fr-FR
2477,es-ES
2477,ja-JP
2477,de-DE
2478,de-DE
2478,ja-JP
2478,fr-FR
2478,en-US
2479,ja-JP
2479,de-DE
2479,fr-FR
2479,pt-BR
2479,es-ES
2480,en-GB
2481,de-DE
2481,ja-JP
2481,fr-FR
2481,es-ES
2482,en-GB
2483,es-ES
2483,ja-JP
2484,fr-FR
2484,zh-CN
2484,ja-JP
2485,ja-JP
2485,es-ES
2485,de-DE
2486,ja-JP
2486,es-ES
2486,fr-FR
2486,ko-KR
2486,de-DE
2487,fr-FR
2487,ko-KR
2488,it-IT
2488,es-ES
2488,ja-JP
2489,de-DE
2489,en-GB
2489,fr-FR
2490,en-US
2490,fr-FR
2490,de-DE
2490,ja-JP
2491,de-DE
2492,fr-FR
2492,de-DE
2493,nl-NL
2493,pl-PL
2493,it-IT
2494,fr-FR
2494,de-DE
2494,nl-NL
2494,pl-PL
2494,it-IT
2494,es-ES
2495,de-DE
2496,fr-FR
2496,it-IT
2496,ja-JP
2496,es-ES
2497,es-ES
2498,de-DE
2498,pt-BR
2498,es-ES
2498,it-IT
2498,fr-FR
2499,es-ES
2499,fr-FR
2499,ko-KR
2500,en-GB
2500,de-DE
2500,fr-FR
