translator_id,name,email,country,years_experience
1,Allison Hill,donaldgarcia@example.net,Uganda,21
2,Leslie Johnson,robinsonwilliam@example.org,Monaco,4
3,Matthew Gardner,shaneramirez@example.org,Senegal,1
4,Melissa Peterson,jasongallagher@example.org,Bermuda,24
5,Ian Cooper,lindsay78@example.org,Uzbekistan,9
6,Juan Calderon,barbara10@example.net,Denmark,8
7,Victoria Wyatt,jamesshawn@example.com,Central African Republic,8
8,Daniel Adams,lynchgeorge@example.net,Ecuador,5
9,James Mayo,gabriellecameron@example.org,Denmark,24
10,Renee Morales,clarksherri@example.net,Germany,4
11,Jonathan Wilkerson,ithomas@example.org,Samoa,22
12,Deborah Richards,icox@example.net,Lithuania,24
13,Anthony Rodriguez,laurahenderson@example.org,Hungary,29
14,Zachary Rice,frazierdanny@example.net,Sao Tome and Principe,18
15,Martin Rodriguez,amoore@example.net,Turkey,3
16,Valerie Gill,harrellkenneth@example.net,Madagascar,19
17,Brittany Farmer,georgetracy@example.org,Vanuatu,14
18,William Roman,brianhumphrey@example.org,Belize,2
19,Rose Spence,davidalvarez@example.net,Chad,1
20,Shane Henderson,sarahcampos@example.net,Cook Islands,3
21,Jennifer Powers,samuel87@example.org,Egypt,7
22,George Chapman,briannasmith@example.net,Norfolk Island,8
23,Austin Johnson,chad34@example.net,Libyan Arab Jamahiriya,17
24,Carlos Walls,esanchez@example.com,Comoros,20
25,Matthew Gomez,uowens@example.org,Peru,1
26,Maria Brown,lauren13@example.org,Comoros,18
27,Brenda White,ewright@example.com,Sri Lanka,7
28,Krista Williams,novaksara@example.org,Chad,23
29,John Hancock,martinaaron@example.com,Estonia,21
30,Rachel Mitchell,smoore@example.org,Azerbaijan,23
31,Kimberly Adkins,williamsthomas@example.net,Cayman Islands,18
32,Jordan York,larsonemma@example.org,Iraq,14
33,Steve Sanchez,harveyrobert@example.net,Mongolia,8
34,Taylor Harris,john62@example.net,Oman,15
35,Eugene Walton,smithchristine@example.net,Bolivia,19
36,Daniel Baker,nicole35@example.com,Cayman Islands,9
37,Joshua Turner,contrerasangela@example.net,Bosnia and Herzegovina,26
38,Brandy Wilson,newtoneric@example.com,Netherlands,28
39,Grant Watts,william40@example.org,North Macedonia,1
40,Donald Smith,danagreen@example.net,Kenya,25
41,Jessica Smith,landryhannah@example.org,Mayotte,26
42,Jacob Tran,tanderson@example.com,United Arab Emirates,6
43,Valerie Williams,jason31@example.com,Slovakia (Slovak Republic),23
44,Shelly Dickson,sarayoung@example.org,South Georgia and the South Sandwich Islands,14
45,Sierra Johnson,kimberly63@example.com,Cayman Islands,11
46,Ashley Brennan,dwalker@example.com,Gambia,9
47,Shelby Walker,raymondramirez@example.org,Sierra Leone,5
48,Martin Ross,sheila14@example.org,Mozambique,7
49,Deborah Rodriguez,yreed@example.com,Jordan,25
50,Kayla Cruz,jonathanfletcher@example.org,Mali,11
51,Kimberly Ball,michaeljones@example.net,Uruguay,4
52,Erik Charles,william65@example.com,Qatar,3
53,Cameron Fisher,lbyrd@example.net,Montenegro,13
54,Joshua Smith,jason99@example.net,Gibraltar,4
55,Jeremy Lewis,yleon@example.net,Chile,12
56,Diane Beck,clarence34@example.org,Sri Lanka,28
57,Alexander Sanchez,xcarr@example.org,Korea,12
58,Mark Lee,psnyder@example.org,Palau,20
59,Stephanie Dalton,osbornejeffery@example.net,Maldives,9
60,Justin Lowery,bryantlaurie@example.net,Marshall Islands,26
61,Linda Dodson DVM,jrivas@example.com,Ukraine,2
62,Scott Cole,maryramirez@example.net,Libyan Arab Jamahiriya,24
63,Denise Jones,jimmy55@example.net,Belgium,15
64,David Benson,calebrussell@example.net,Lao People's Democratic Republic,18
65,Daniel Fisher,gateskathy@example.com,Lesotho,4
66,Guy Molina,vmedina@example.net,South Georgia and the South Sandwich Islands,30
67,Connie Robinson,ytucker@example.com,Paraguay,13
68,Jennifer Martin,ncalhoun@example.net,Anguilla,3
69,Leslie Alvarado,dayderek@example.com,Cocos (Keeling) Islands,18
70,James Lewis,matthew64@example.com,El Salvador,10
71,Julie Curry,cookemichael@example.net,Bangladesh,27
72,Marissa Webster,jamessmith@example.org,Dominican Republic,21
73,Michael Elliott,stevenscott@example.com,Chad,20
74,Tracey Higgins,tamirodriguez@example.org,Vanuatu,29
75,Michael Rubio,mdavid@example.org,Nauru,28
76,Lori Garcia,melissa91@example.net,Slovenia,12
77,Joseph Stanley,huntermatthew@example.com,Swaziland,19
78,Jeffrey Cox PhD,bzimmerman@example.org,Saint Martin,7
79,Marie Gilbert,umarshall@example.net,Ethiopia,23
80,David Michael,nicole37@example.net,New Zealand,3
81,Gabrielle Snyder,hunter35@example.com,Guam,2
82,Kyle Beard,blackjames@example.org,Saint Helena,22
83,Justin Allen,fbrewer@example.com,Somalia,8
84,Edward Sullivan,kevinperkins@example.com,Micronesia,25
85,Jessica Reese,michael74@example.com,El Salvador,10
86,Nathan Stewart,jamesrodgers@example.com,Saint Kitts and Nevis,3
87,Paige Carlson,wallkenneth@example.com,Christmas Island,28
88,Michael Martinez,mccannangela@example.net,Western Sahara,8
89,Sean Henry,andrewstaylor@example.com,Guam,28
90,Anthony Everett,ewilson@example.com,Liechtenstein,4
91,Mark Brown,lisaavery@example.org,Egypt,13
92,Phillip Obrien,kimberlyjames@example.com,French Southern Territories,9
93,Wanda Torres,lynchjody@example.org,Niue,15
94,Matthew Moore,andreamoore@example.com,Korea,21
95,Julie Johnson,jasmine71@example.net,Djibouti,27
96,Rachel Weber,ronaldstephens@example.net,Canada,12
97,Samantha Jones,lauralarson@example.net,Uruguay,6
98,Caleb Barker,gbender@example.net,Lithuania,12
99,Kyle Preston,cassandra01@example.org,Peru,12
100,Laura Sampson,barbara27@example.net,Pakistan,7
101,Donald Shea,fwalters@example.org,Latvia,22
102,Gary Santiago,marksteele@example.com,Panama,9
103,Robin Pierce,qmiller@example.com,Brazil,23
104,Jennifer Robertson,sandovalamy@example.com,Austria,30
105,Isaiah Avila,nwolf@example.com,Mexico,22
106,Dwayne Gilmore,omartinez@example.net,South Georgia and the South Sandwich Islands,21
107,Christopher Pierce,hdavis@example.com,Yemen,3
108,Ronnie Jimenez,william46@example.com,Latvia,20
109,Juan Reyes,michellehill@example.com,Guam,21
110,Katie Hoover,jessica99@example.net,Liechtenstein,6
111,Jill Washington,andrea86@example.com,Venezuela,18
112,Colin Terry,xhall@example.com,Aruba,24
113,John Mcintyre,qhughes@example.net,Canada,8
114,Andrew Shaw MD,sawyerscott@example.net,United States Minor Outlying Islands,6
115,Nathan Ortiz,charlesharrington@example.com,Guadeloupe,15
116,Jennifer Miller,melissa86@example.com,Niue,13
117,Olivia Brennan,williamsonjimmy@example.net,Uruguay,9
118,Darren Davis,hodgesjane@example.org,Kenya,30
119,Elijah Johnson,laura45@example.com,Jersey,21
120,Joseph Knight,georgemiller@example.com,Niger,23
121,Kathleen Aguilar,stevenking@example.com,Papua New Guinea,18
122,Robert Santana,charleslandry@example.net,French Southern Territories,8
123,Jessica Wright,james67@example.org,Dominica,22
124,Ian Phillips,andrew64@example.org,Mongolia,11
125,Paula Beltran,swall@example.org,New Caledonia,27
126,Colleen Lee,erica21@example.net,Oman,25
127,Richard Johnson,jessica14@example.com,San Marino,25
128,Curtis Buchanan,alyssa42@example.com,United States Minor Outlying Islands,2
129,Karen Drake,linda71@example.org,Saudi Arabia,8
130,Shannon Ramsey,zcoffey@example.net,Haiti,27
131,James Baker,gibsonemily@example.net,Estonia,2
132,Samantha Bentley,leonardthomas@example.net,Turks and Caicos Islands,26
133,Erin Bishop,reidsteven@example.net,Gabon,11
134,Audrey Williams,torrestravis@example.org,Dominica,13
135,Brandy Chavez,umatthews@example.org,Turks and Caicos Islands,9
136,Brett Burns,rcrosby@example.org,Portugal,3
137,Jeremy Sampson,cory58@example.net,Guinea-Bissau,7
138,Donald Donaldson,ndavis@example.net,Northern Mariana Islands,30
139,Alison Buchanan,vanessabuchanan@example.org,Bangladesh,19
140,Kristen Willis,markhernandez@example.net,Afghanistan,29
141,William Huerta,lauren10@example.org,American Samoa,23
142,Richard Chapman,thompsonbrian@example.net,Italy,11
143,Nichole Alvarez,william17@example.net,Cyprus,7
144,Amanda Logan,stephen00@example.com,Tanzania,21
145,Michael Henry,fjones@example.com,New Caledonia,16
146,Cameron Weber,oscar98@example.com,Korea,13
147,Jessica Mcguire,farrelldebra@example.net,Saint Helena,29
148,Jessica Beasley,dmorgan@example.com,Israel,30
149,Emily Edwards,nicholas27@example.org,Bermuda,21
150,Anna Davis,lisa80@example.net,Zimbabwe,15
151,Erin Martinez,morgan60@example.com,Netherlands Antilles,5
152,Brian Romero,dianewalker@example.org,Guernsey,9
153,Holly Farmer,lindsaybruce@example.net,Nicaragua,5
154,Kristin Lynch,anthony44@example.com,Guernsey,8
155,Sergio Knight,vjones@example.net,Antarctica (the territory South of 60 deg S),24
156,Joseph Bennett,xpeterson@example.com,Saint Helena,18
157,Todd Carlson,moorekaren@example.org,Peru,18
158,Jeremy Coleman,nperry@example.net,Brazil,9
159,Brian Gregory,trose@example.org,Cyprus,24
160,Kyle Smith,sierra24@example.com,Greece,19
161,Jonathan Jordan,omarpadilla@example.net,Monaco,14
162,Renee Jones,grahamsteve@example.org,Tokelau,29
163,Jeffrey Sullivan,zroberts@example.org,Greece,19
164,Travis Stevens,christopher13@example.com,Namibia,13
165,Blake Harrell,jeffrey21@example.net,North Macedonia,12
166,Jordan Bullock,michael23@example.org,Cameroon,8
167,Christopher Hernandez,thompsonkendra@example.com,Kyrgyz Republic,5
168,Olivia Cole,michelle52@example.com,Bangladesh,17
169,Mark Hogan,bellcharles@example.com,Korea,16
170,Jacob Mitchell,gilbertwilliam@example.com,Mozambique,3
171,Rebecca Huang,kstout@example.net,Comoros,25
172,John Hernandez,hayeslisa@example.com,Rwanda,2
173,Matthew Williams,hritter@example.net,New Zealand,28
174,Jake Campbell,rschroeder@example.net,Austria,4
175,Maria Jones,grantpaul@example.com,Saint Kitts and Nevis,5
176,Tracey Morrison,mathewaguilar@example.org,United States Virgin Islands,21
177,Walter Hale,tanderson@example.org,Georgia,6
178,Maria Murphy,elizabethcalderon@example.net,Poland,26
179,Anna Santiago,andrew42@example.org,Guam,22
180,Katelyn Perez,ericphillips@example.org,Madagascar,14
181,Sandy Stephenson,stanleynancy@example.net,Bulgaria,20
182,Brittany White,jenniferwilliams@example.com,Philippines,3
183,Tracy Bishop,pyoung@example.com,Sudan,13
184,Stephanie Lee,smurray@example.com,Macao,13
185,Tracy Montoya,moniquewilliams@example.com,Tunisia,20
186,Timothy Dawson,mitchellkathryn@example.com,Korea,15
187,Brittany Kim,lisawilkerson@example.org,Israel,17
188,Jonathan Young,brooksanthony@example.org,Taiwan,9
189,Gabriela Thomas,mitchellmaria@example.net,Switzerland,18
190,Michael West,bullockandrew@example.org,Syrian Arab Republic,28
191,Todd Lynch,srodriguez@example.org,Gabon,1
192,David Fowler,fbrown@example.net,Mauritania,22
193,Jose Allen,kellysmith@example.com,Dominican Republic,24
194,Chelsea Barnett,carlos88@example.net,Solomon Islands,4
195,Kristen Myers DDS,qzavala@example.net,Andorra,22
196,Austin Allen,ingramjill@example.com,Burkina Faso,29
197,Joshua Li,mariacohen@example.net,Lesotho,18
198,Robin Brown,mjohnson@example.org,Somalia,25
199,Andrew Mahoney,ihays@example.com,El Salvador,9
200,Matthew Mitchell,glennmartin@example.org,South Georgia and the South Sandwich Islands,25
201,Steve Paul,lmorgan@example.com,Puerto Rico,21
202,Tim Stone PhD,mmiller@example.org,Mayotte,11
203,Brian Murphy,kirk96@example.org,Portugal,4
204,Jeremy Acosta,christina64@example.net,Somalia,10
205,Angela Walsh,william20@example.org,Thailand,14
206,Rachael Johnson,youngdeanna@example.com,Hungary,6
207,Amanda Hernandez,xrush@example.com,Serbia,15
208,Chad Richardson,debra31@example.org,Saint Pierre and Miquelon,1
209,Joseph Mcintyre,greenjorge@example.com,Croatia,24
210,Donna Hendricks DDS,taylorcharles@example.org,United Arab Emirates,29
211,Yolanda Cochran,elizabeth18@example.net,French Guiana,24
212,Sarah Joseph,laurahicks@example.org,Cook Islands,9
213,Cynthia Snyder,angela57@example.net,Bulgaria,17
214,Angelica Parker,xfox@example.com,Swaziland,25
215,Beth Stewart,coleerin@example.com,Brunei Darussalam,6
216,Penny Bowman,katrinaanderson@example.net,United States Minor Outlying Islands,17
217,Sandra Holmes,fred53@example.com,Yemen,30
218,Stephanie Singleton,james84@example.org,Niue,4
219,Joseph Shaw,brittanycarpenter@example.org,Palestinian Territory,28
220,Stephanie Morgan,bryananthony@example.org,Yemen,21
221,Laura Curtis,bmontgomery@example.com,Tuvalu,10
222,Donna Frye,zsanchez@example.net,Iraq,27
223,Benjamin Brown,dperry@example.org,Guam,21
224,Emily Higgins,theresa25@example.net,Monaco,17
225,David Martinez,gwright@example.org,French Guiana,20
226,Sharon Barnes,lisapeck@example.net,Germany,7
227,Christopher Ferrell,tjimenez@example.com,Angola,5
228,James Bryant,jasongomez@example.org,Finland,12
229,Stephen Pena MD,booneryan@example.com,Saint Lucia,25
230,Jamie Williams,hudsonjames@example.net,France,6
231,Jonathan Duran,marcia99@example.org,Brunei Darussalam,18
232,Jennifer Norton,angela52@example.org,Netherlands,25
233,Kathryn Williams,jenniferbrock@example.net,Korea,30
234,Steven Taylor,francisco94@example.net,Guadeloupe,17
235,Katrina Burns,thomas05@example.com,Peru,30
236,Jason Parker,carlsonjoseph@example.net,Slovenia,1
237,Laura Perez,silvageorge@example.net,Saint Helena,20
238,Sarah Hernandez,anthonyvaughan@example.org,Comoros,11
239,Erik Hernandez,roberthampton@example.com,Tunisia,16
240,Monica Thornton,annbolton@example.com,Malta,1
241,Tyler Stevens,amy49@example.com,Congo,4
242,Diana Evans,kellie37@example.com,Lesotho,30
243,Timothy Pope,keith98@example.com,Ukraine,12
244,Sabrina Blevins,kellyroberts@example.net,Belgium,29
245,Jeremy Scott,ilewis@example.com,Venezuela,27
246,Denise Rodriguez,johnsantiago@example.net,Czech Republic,26
247,Amy Gutierrez,xgarcia@example.org,Albania,10
248,Vanessa Moore,mwoods@example.com,Gibraltar,8
249,Anthony Mack,amandasharp@example.org,United States Minor Outlying Islands,2
250,Jennifer Monroe,osbornrandy@example.com,Colombia,8
251,Tonya Howe,smithashley@example.org,Vanuatu,29
252,Mrs. Virginia Daniels,ismall@example.net,Lao People's Democratic Republic,19
253,Robert Rivera,twong@example.org,American Samoa,3
254,Rachel Bradley,gregorychase@example.com,Sweden,3
255,Garrett Morales,lopezdonald@example.com,Vietnam,24
256,Dean Young,stephanie49@example.net,Montserrat,16
257,Matthew Schwartz,contrerassteven@example.org,Iraq,27
258,Tammy Barron,hannah45@example.net,Cyprus,3
259,Casey Hernandez,robert87@example.net,Spain,25
260,Colleen Wright,foxallison@example.com,Belarus,18
261,Ashley Poole,ashleyhernandez@example.com,Timor-Leste,25
262,Audrey Harris,gdavis@example.com,Sudan,5
263,Carlos Perry,hansenemily@example.com,Saint Kitts and Nevis,5
264,David Smith,bethwilliams@example.com,Reunion,22
265,Zachary Michael,andersenthomas@example.com,Ireland,16
266,Chad May,ybrooks@example.com,Trinidad and Tobago,18
267,Jamie Miller,desireebailey@example.org,Mauritania,6
268,Cameron Irwin,avilatiffany@example.com,Peru,9
269,Jessica Gray,johnreed@example.com,Comoros,17
270,Molly Rodriguez,bmendez@example.org,Costa Rica,28
271,Kirk Griffin,sanchezbradley@example.com,Djibouti,20
272,Nicole Parsons,williamroberts@example.net,Morocco,14
273,Kyle Chambers,joel28@example.org,Isle of Man,7
274,Antonio Fry,conniesimmons@example.com,Australia,30
275,Teresa Powers,heather62@example.com,Honduras,18
276,Joshua Allen,kevinzimmerman@example.com,United States Virgin Islands,25
277,Jason Butler,paulscott@example.com,Oman,24
278,Jerry Watson,brettbennett@example.net,Netherlands,23
279,Benjamin Ballard,timothybooth@example.com,Gabon,7
280,Alexis Giles,burgesskaren@example.org,Qatar,23
281,Christine Herman,kimberly67@example.net,Pakistan,10
282,Dennis Hunt,zowens@example.net,Latvia,13
283,Erica Harris,robert93@example.net,Cameroon,22
284,Juan Silva,mphillips@example.com,Denmark,21
285,Roy Porter,jonathan77@example.com,Chile,12
286,Heather Taylor,iwhite@example.net,Bahamas,15
287,Sara Jones,duranrobert@example.net,Djibouti,29
288,Chris Robinson,nbrooks@example.net,Papua New Guinea,17
289,Susan Hopkins,smithandrea@example.org,Andorra,15
290,Denise Madden,shawheidi@example.com,Sri Lanka,4
291,Cassie Hull,johnharvey@example.com,Suriname,8
292,Robert Miller,pstevens@example.net,Czech Republic,8
293,Ronald Miller,davisnicholas@example.net,Lebanon,3
294,Adam Jackson,pbruce@example.com,Mongolia,11
295,Valerie Jacobson,hallrachel@example.net,Tuvalu,1
296,Denise Glass,rachel90@example.org,Vanuatu,19
297,Alexis Clark,karenmarquez@example.com,Vanuatu,18
298,Christopher Allen,irhodes@example.com,Hungary,8
299,Brenda Hinton,masonterri@example.org,Bolivia,19
300,Ryan Peterson,unovak@example.org,North Macedonia,8
301,Willie Henry,angela66@example.org,Pitcairn Islands,1
302,Jamie Barton,lauren11@example.com,Cape Verde,3
303,Richard Moore,gstewart@example.org,Albania,23
304,Jill Juarez,andersonjacob@example.com,Moldova,21
305,Jennifer Johnson,angela99@example.com,Tonga,2
306,Edgar Hughes,hardyanita@example.org,Montserrat,8
307,Melissa Jackson,kevin72@example.org,Chad,3
308,Jason Washington,wardsheryl@example.net,Niue,29
309,Luis Ellis Jr.,rushmartin@example.net,Hong Kong,2
310,Erin Cook,kevinmorrison@example.net,Cook Islands,28
311,Christopher Sanders,kelly79@example.org,Greece,11
312,Robert Long,frederickjames@example.net,Cocos (Keeling) Islands,3
313,Krista Benton,nhahn@example.com,South Georgia and the South Sandwich Islands,17
314,Michael Fuentes,ichambers@example.net,Gabon,8
315,Matthew Espinoza,mjones@example.com,Myanmar,9
316,Jonathon Knapp,ystephens@example.com,Reunion,22
317,Kimberly Little,rodriguezjohn@example.net,Guinea,16
318,Lonnie Hart,vrasmussen@example.com,Botswana,7
319,David Dixon,seanmyers@example.net,Namibia,18
320,Brittany Cuevas,agarcia@example.org,Brazil,5
321,Monica Bailey,stanley38@example.com,Guernsey,24
322,Jeffrey Horton,carlos01@example.org,Thailand,30
323,Brian Marsh,zacharyarnold@example.com,Monaco,29
324,Joel Salinas,jacobsandoval@example.com,Antarctica (the territory South of 60 deg S),19
325,Sonya Cole,tprice@example.org,Costa Rica,19
326,Michael Flynn,lloydamanda@example.com,Greece,16
327,Brian Lambert,orose@example.com,Nepal,8
328,James Wilson,megan92@example.net,Romania,26
329,Tamara Lawrence,lawrenceallen@example.org,Cocos (Keeling) Islands,16
330,Charles Price,baileyhenderson@example.com,North Macedonia,26
331,Tamara Arias,angelaburns@example.org,Colombia,14
332,Jerry Brown,stephanie72@example.org,Suriname,7
333,Justin Delgado,acohen@example.net,Tajikistan,4
334,Christopher Cunningham,kellyhill@example.net,France,4
335,Jim Newton,hdunn@example.net,Brazil,22
336,Joshua Ritter,wolfscott@example.org,Jamaica,14
337,Ronald Potter,nancy07@example.com,Guernsey,12
338,Angie Grimes,rowejoel@example.net,Namibia,14
339,Shannon Bishop,imartin@example.org,Suriname,14
340,Anthony Bell,candice25@example.net,French Guiana,15
341,Derek Hodge,taylorkaren@example.com,Uruguay,28
342,Donald Rios,johndawson@example.org,Senegal,24
343,Jenna Thomas,courtney67@example.org,North Macedonia,2
344,Patricia Powell,heather57@example.com,Greece,22
345,Sheila Boone,simonstephen@example.net,Qatar,21
346,Arthur Ferguson,tammysummers@example.com,Ethiopia,21
347,Drew Kelley,ashleewashington@example.com,Uganda,4
348,Amber Garcia,ksmith@example.com,Korea,2
349,Tyler Harris,nicoleturner@example.com,Bermuda,13
350,Danielle Watson,brettgarrett@example.net,Reunion,24
351,Jessica Davis,smiththomas@example.org,Nauru,11
352,Michael Smith,lisa62@example.com,Barbados,26
353,Brandon Shaffer,edwardsnicole@example.org,Hong Kong,28
354,Nicole Anderson,caseyelliott@example.net,Pakistan,4
355,Gregory Lewis,samanthajensen@example.com,Tokelau,8
356,Steven Taylor,lawrencepatrick@example.com,Germany,7
357,Danielle Newman,angelagreene@example.net,Finland,7
358,Melissa Abbott,jamie98@example.org,San Marino,18
359,Matthew Bowers,troyrodriguez@example.com,Northern Mariana Islands,15
360,Kelsey Levine,sarah26@example.net,Italy,5
361,Michael Farmer,smithcarlos@example.com,Cuba,14
362,Antonio Mccormick,courtney86@example.com,Reunion,6
363,Martin Medina,joshuacollins@example.net,Uruguay,9
364,Robert Herrera,wwillis@example.net,Pitcairn Islands,15
365,Emily Kim,brianmiller@example.com,Brazil,8
366,Lee Parker,davidzimmerman@example.net,Algeria,28
367,Troy Mills,gary24@example.net,Turks and Caicos Islands,30
368,Steven Rogers,enelson@example.com,Rwanda,3
369,Lori Crawford,brian92@example.com,Cayman Islands,15
370,Brian Berry,perezwilliam@example.org,Togo,26
371,Dana Ruiz,lmora@example.org,Micronesia,28
372,Michelle Rios,marcbutler@example.net,Ghana,28
373,Blake Watson,whitelinda@example.org,Zimbabwe,18
374,Shawn Cline,mark87@example.org,Heard Island and McDonald Islands,4
375,Justin Torres,stevenvargas@example.com,Sierra Leone,2
376,Morgan Payne,edwardrandolph@example.org,Djibouti,21
377,Makayla Steele,tapiaaaron@example.net,Honduras,18
378,Monica Garcia,robertwoodward@example.org,Rwanda,27
379,Andrew Hall,xhaynes@example.com,San Marino,1
380,Brendan Anderson,kjones@example.org,Jordan,3
381,Bianca Carter,sara65@example.com,Korea,30
382,Benjamin Harris,moorefrank@example.com,Germany,25
383,Joshua Oconnell,shannonford@example.org,Bermuda,28
384,Michael Mckenzie,lewismelissa@example.org,Bermuda,8
385,Tracy Foster,byrdjorge@example.org,Antarctica (the territory South of 60 deg S),6
386,Sarah Hawkins,codygarcia@example.org,British Virgin Islands,14
387,Ronald Haas,jamesmorales@example.net,Norfolk Island,16
388,Angela Willis,johnsoncaleb@example.net,Kenya,16
389,Anna Boone,david70@example.org,Uzbekistan,7
390,Samantha Foster,reyesronald@example.com,Croatia,28
391,Denise Griffin,austinharvey@example.org,Oman,13
392,Jason Pierce,millerpatrick@example.com,Cook Islands,29
393,Rebecca Wright,mayokimberly@example.com,Lesotho,2
394,Kari Durham,paul20@example.com,Nepal,6
395,Steven Osborne,stokesthomas@example.com,Seychelles,13
396,Crystal Moore,dianeadams@example.net,Azerbaijan,1
397,Theresa Johnston,lkelly@example.org,Dominica,13
398,Renee Wolfe,warnermichael@example.net,Mongolia,9
399,Travis Copeland,lweaver@example.com,Argentina,30
400,David Robinson,nsmith@example.org,Sri Lanka,26
401,Mitchell Sellers,brian29@example.net,United States Virgin Islands,26
402,Brian Fox,susan56@example.net,Bolivia,15
403,Frank Daugherty,fconner@example.net,Ghana,10
404,Wayne Steele,jeffrey92@example.com,Gambia,14
405,Elizabeth Thompson,rushstacy@example.com,Thailand,23
406,Traci Johnson DDS,daniellegarcia@example.com,Cambodia,24
407,Blake Reed,gary15@example.com,Algeria,26
408,David Jones,kristin00@example.com,Kazakhstan,18
409,Tracy Wilkerson,wmacias@example.net,Honduras,22
410,John Shields,franciscojones@example.org,French Polynesia,23
411,Dean Garcia,george62@example.net,Belarus,16
412,Stephanie Davis,bbush@example.net,Chad,5
413,Jessica Brown,jamie36@example.net,Micronesia,7
414,Monica Baker,kenneth10@example.com,Montserrat,10
415,Katherine Brown,pattersonkelly@example.net,Niue,7
416,Christina Johnson,daniellerowland@example.com,Tanzania,2
417,Richard Ruiz,christopher86@example.org,Heard Island and McDonald Islands,19
418,Jaclyn Griffin,scott43@example.com,Mongolia,24
419,Paul Contreras,barnettlindsey@example.com,Saudi Arabia,18
420,Kristen Randall,rsheppard@example.com,Montserrat,2
421,Karen Miller,shawrachel@example.net,Philippines,24
422,Mrs. Tiffany Cole,teresastokes@example.org,Armenia,11
423,William Graham,maryscott@example.net,United States Virgin Islands,2
424,Angie Hawkins,melissa87@example.org,Solomon Islands,2
425,Laurie Harrington,perryeddie@example.net,Myanmar,19
426,Teresa Buckley,floydmikayla@example.com,Turkey,16
427,James Washington,rjohnson@example.com,Cambodia,17
428,Melanie Morales,vpreston@example.net,Dominica,30
429,John Adams,andrew44@example.com,Tajikistan,28
430,Michael Garcia PhD,kevinmanning@example.com,Ethiopia,17
431,Lisa Davis,alewis@example.net,Libyan Arab Jamahiriya,6
432,Sharon Nicholson,cameronmckinney@example.com,Burkina Faso,2
433,Kelly Carroll,jameswhitaker@example.org,Egypt,17
434,Anthony Ward,joshuacolon@example.net,Indonesia,3
435,Becky Johnson,tracy72@example.com,Namibia,28
436,Hailey Monroe,kaitlyn14@example.org,Hungary,6
437,Scott Chan,mercedesholland@example.net,Costa Rica,3
438,Jason Smith,wellsdavid@example.org,Netherlands Antilles,20
439,Courtney Franklin,jennifer46@example.com,Timor-Leste,3
440,David Owens,asilva@example.net,Panama,22
441,Sara Hoffman,kenneth17@example.org,Guadeloupe,28
442,Margaret Hensley MD,jacob83@example.org,Sri Lanka,8
443,Rhonda Powell,erin07@example.com,Eritrea,13
444,Jennifer Doyle,matthewreeves@example.net,Martinique,4
445,Karen Shepard,william28@example.org,French Polynesia,29
446,Carl Green,staceylam@example.net,Benin,19
447,Daniel Savage,vfrench@example.com,Eritrea,8
448,Julie Wilson,delacruzbrandy@example.net,Barbados,19
449,Cory Wilson,amoreno@example.org,Trinidad and Tobago,20
450,Brenda Gonzalez,dbenitez@example.org,Germany,2
451,Catherine Miller,crystal25@example.net,Azerbaijan,20
452,Donald Juarez,barbaramoore@example.org,Bulgaria,3
453,Madeline Powell,creyes@example.net,Cook Islands,14
454,Tiffany Mcclain,andrewsmith@example.net,Egypt,22
455,Shawn Collins,reyesbrianna@example.org,Bahrain,19
456,Elizabeth Carter,ryan25@example.com,Guinea-Bissau,19
457,Carmen Meadows,osmith@example.net,Bulgaria,17
458,Alex Wagner,richardsondebra@example.org,Honduras,11
459,Dawn Nichols,wheelerbrandon@example.org,Palau,30
460,Amber Wilson,jjames@example.com,Lebanon,9
461,Christine Jennings,turnerdorothy@example.net,Mali,7
462,Larry Taylor,huntchristine@example.com,Brazil,22
463,Kathleen Lynch,marie35@example.net,Ireland,23
464,Andrew Crawford,haleycastillo@example.org,Afghanistan,11
465,Brandon Rodriguez,fhernandez@example.net,Belarus,8
466,Ashley Scott,stephenmadden@example.com,Kyrgyz Republic,9
467,Robert Sawyer,michael56@example.net,Brazil,13
468,Peter Williams,elizabethjackson@example.com,Uganda,5
469,Marco Johns,watsonmatthew@example.org,Iran,22
470,Jesus Houston,pmarsh@example.org,Bouvet Island (Bouvetoya),21
471,Nicholas Jarvis,dalepruitt@example.com,Spain,10
472,Jessica Carr,cheryl27@example.com,Bouvet Island (Bouvetoya),15
473,Jessica Brown,alexander89@example.net,Mongolia,11
474,Tyler Marks,reynoldsjessica@example.com,Guatemala,30
475,Margaret Hernandez,smithsarah@example.net,Thailand,25
476,Jon Martin,vflores@example.com,Australia,30
477,Krista Gray,christianwallace@example.net,Kiribati,3
478,Jonathan Stewart,bmcgee@example.org,Iraq,1
479,Justin Smith,connersylvia@example.net,Gabon,15
480,Kristina Pena,xclements@example.org,Svalbard & Jan Mayen Islands,20
481,Jesse Castro,xmoran@example.net,Korea,19
482,Peter Walker,michael48@example.net,Holy See (Vatican City State),4
483,Amber Martin,lydianewton@example.com,Botswana,3
484,Craig Martinez,ylewis@example.org,Saint Barthelemy,18
485,Peter Williams,bartonshannon@example.net,Namibia,7
486,Brandy Porter,tranryan@example.net,Liberia,17
487,Priscilla Kent,jessicaanderson@example.com,Palestinian Territory,9
488,Sonya Gordon,mbarnes@example.net,Serbia,5
489,James Cooper,shawn22@example.com,Netherlands,30
490,Nicole Evans,jennifer83@example.org,Cote d'Ivoire,12
491,Donna Reed,tinasantos@example.org,Macao,29
492,Mallory Page,anna99@example.net,Russian Federation,3
493,Paul Skinner,natalie60@example.net,Botswana,29
494,Charles Santiago,josephfloyd@example.com,Pitcairn Islands,8
495,Ryan Vaughn,james80@example.com,Suriname,12
496,Luis Lowe,juliahoffman@example.org,Malawi,10
497,Rebecca Roberts,housepaul@example.net,Germany,6
498,Amy Manning,christinenorman@example.com,Switzerland,15
499,Mark Mckinney,kari89@example.org,Singapore,27
500,Cheryl Cole,lopezglenn@example.net,British Indian Ocean Territory (Chagos Archipelago),18
