translator_id,industry
1,Gaming
1,Legal
1,Travel
2,Gaming
3,Media & Entertainment
3,Healthcare
4,Healthcare
5,Media & Entertainment
5,Travel
6,Manufacturing
6,E-learning
6,Retail
7,Travel
7,E-learning
8,Gaming
9,Travel
9,Finance
9,E-learning
10,Finance
10,E-learning
11,Legal
11,E-learning
12,Gaming
12,Manufacturing
13,Manufacturing
13,Retail
14,Healthcare
14,Legal
15,Gaming
16,Gaming
17,Gaming
17,Manufacturing
18,Travel
19,Media & Entertainment
20,Travel
20,Manufacturing
20,Gaming
21,Manufacturing
21,E-learning
22,Software
22,Retail
22,Travel
23,Gaming
23,Travel
24,Healthcare
25,Legal
25,Finance
25,Gaming
26,Travel
26,Manufacturing
27,Retail
28,Finance
28,E-learning
28,Software
29,Retail
29,Software
29,Healthcare
30,Retail
30,Manufacturing
31,Software
31,Healthcare
32,Media & Entertainment
33,E-learning
33,Gaming
33,Healthcare
34,Software
34,Gaming
34,Finance
35,E-learning
35,Legal
36,Healthcare
36,Manufacturing
37,Manufacturing
37,Gaming
38,Healthcare
39,Media & Entertainment
40,Gaming
41,Legal
41,E-learning
42,Media & Entertainment
42,Legal
43,Retail
43,Finance
44,Gaming
44,Manufacturing
44,E-learning
45,Retail
46,Media & Entertainment
46,Legal
46,Retail
47,Finance
48,Media & Entertainment
48,Software
49,Finance
50,Finance
50,Healthcare
51,Retail
51,Manufacturing
52,Software
53,E-learning
53,Healthcare
54,E-learning
55,Finance
55,Travel
55,Manufacturing
56,E-learning
57,Software
57,E-learning
57,Media & Entertainment
58,Gaming
58,Manufacturing
59,E-learning
59,Media & Entertainment
59,Travel
60,Gaming
60,E-learning
61,Manufacturing
62,Media & Entertainment
63,Manufacturing
63,Gaming
64,Gaming
64,Finance
65,Media & Entertainment
65,E-learning
66,Gaming
66,E-learning
66,Retail
67,Manufacturing
67,Finance
67,Media & Entertainment
68,Gaming
69,Gaming
69,Travel
69,Finance
70,Manufacturing
70,Healthcare
71,Gaming
72,Retail
73,Healthcare
74,Healthcare
74,Gaming
74,Media & Entertainment
75,Legal
75,Media & Entertainment
75,Travel
76,Media & Entertainment
76,Manufacturing
76,Travel
77,Legal
78,Legal
79,Retail
79,Media & Entertainment
80,Software
80,Manufacturing
80,Gaming
81,Legal
81,Media & Entertainment
82,Software
83,Retail
83,Gaming
84,Gaming
84,Travel
84,E-learning
85,Media & Entertainment
85,Travel
86,Software
86,Legal
86,Finance
87,Media & Entertainment
87,Legal
88,Healthcare
88,Software
88,Legal
89,Manufacturing
90,Gaming
90,Travel
90,Healthcare
91,Finance
92,Legal
92,Media & Entertainment
92,Healthcare
93,Manufacturing
93,Retail
94,E-learning
94,Manufacturing
95,Media & Entertainment
95,Software
95,Manufacturing
96,Manufacturing
97,Travel
98,E-learning
98,Retail
98,Travel
99,Media & Entertainment
99,Healthcare
99,Manufacturing
100,Media & Entertainment
101,Healthcare
101,Manufacturing
101,Retail
102,E-learning
102,Healthcare
102,Gaming
103,Travel
103,E-learning
104,Manufacturing
104,Healthcare
104,Gaming
105,E-learning
105,Travel
105,Manufacturing
106,Manufacturing
107,Healthcare
107,Finance
108,Legal
108,Finance
109,Healthcare
110,Gaming
111,Gaming
111,Travel
112,Travel
112,Software
112,Manufacturing
113,Healthcare
113,E-learning
113,Media & Entertainment
114,Healthcare
115,Media & Entertainment
115,Healthcare
115,Legal
116,E-learning
117,Finance
117,Legal
118,Retail
118,Legal
118,Finance
119,Finance
119,Retail
119,Legal
120,Manufacturing
121,Media & Entertainment
121,Legal
121,Travel
122,E-learning
122,Travel
123,E-learning
123,Healthcare
123,Finance
124,Healthcare
124,Retail
124,Software
125,Legal
125,Manufacturing
125,Gaming
126,Travel
126,Gaming
126,Retail
127,Healthcare
128,Legal
128,Travel
129,E-learning
130,Finance
131,Manufacturing
131,Software
132,Software
132,E-learning
133,Manufacturing
133,Finance
133,E-learning
134,Manufacturing
135,Software
136,Gaming
136,Manufacturing
137,Healthcare
138,Retail
139,Healthcare
139,Legal
140,Media & Entertainment
140,Software
141,Software
142,Finance
142,Healthcare
143,Media & Entertainment
143,Travel
143,E-learning
144,Retail
145,Retail
146,Software
147,E-learning
148,Media & Entertainment
148,Legal
148,Gaming
149,Legal
150,Travel
150,Software
150,Finance
151,Healthcare
151,Retail
151,E-learning
152,Media & Entertainment
153,Finance
153,E-learning
154,Gaming
155,Manufacturing
155,Gaming
155,Software
156,Legal
156,Software
157,E-learning
157,Manufacturing
157,Retail
158,Software
158,Manufacturing
158,Gaming
159,Finance
159,Gaming
160,Manufacturing
160,Healthcare
160,Software
161,Travel
161,Manufacturing
162,Healthcare
162,Legal
162,Travel
163,Healthcare
163,Media & Entertainment
163,Gaming
164,Legal
164,Software
164,Retail
165,Software
166,Software
167,Retail
167,Travel
168,Travel
168,Legal
169,Software
169,Finance
170,Manufacturing
170,Software
171,Manufacturing
171,Retail
171,Gaming
172,E-learning
172,Media & Entertainment
173,Legal
173,E-learning
173,Manufacturing
174,Legal
175,Legal
175,Manufacturing
175,Retail
176,E-learning
177,E-learning
178,Healthcare
178,Travel
178,Retail
179,Gaming
179,Media & Entertainment
180,Retail
180,Media & Entertainment
181,Media & Entertainment
181,E-learning
182,Legal
183,Legal
183,Software
184,Manufacturing
184,E-learning
184,Retail
185,Software
185,Gaming
185,E-learning
186,Travel
186,Healthcare
187,Healthcare
188,Legal
188,Software
188,Healthcare
189,Finance
190,Manufacturing
190,Media & Entertainment
190,E-learning
191,Software
191,Healthcare
191,Legal
192,Manufacturing
192,Legal
193,Media & Entertainment
194,Travel
195,E-learning
195,Manufacturing
196,Retail
196,Finance
196,Gaming
197,Healthcare
198,Travel
198,E-learning
199,Gaming
199,Retail
199,Travel
200,Legal
200,Finance
200,Retail
201,Legal
201,Finance
201,Gaming
202,Gaming
203,Healthcare
203,Legal
204,Manufacturing
205,Manufacturing
205,Gaming
205,Retail
206,Healthcare
206,Media & Entertainment
207,Travel
207,Finance
208,Finance
209,Finance
210,Software
210,Manufacturing
211,Media & Entertainment
211,Manufacturing
211,Legal
212,Healthcare
212,Gaming
212,Travel
213,E-learning
213,Legal
214,E-learning
214,Media & Entertainment
214,Gaming
215,Manufacturing
216,Gaming
216,Legal
216,Travel
217,Travel
217,Manufacturing
217,Healthcare
218,Media & Entertainment
218,Healthcare
218,Travel
219,Travel
219,Software
220,Travel
221,Retail
222,Healthcare
223,Finance
223,Manufacturing
224,Retail
224,Gaming
224,Media & Entertainment
225,Travel
226,Healthcare
226,Retail
227,Travel
227,Gaming
227,Healthcare
228,Media & Entertainment
228,Healthcare
228,Travel
229,Media & Entertainment
229,Manufacturing
229,Software
230,Gaming
231,Media & Entertainment
232,Finance
232,E-learning
233,Software
233,Legal
233,Retail
234,Retail
234,Legal
234,Finance
235,E-learning
235,Retail
235,Legal
236,Software
237,Legal
238,Legal
238,Media & Entertainment
239,Manufacturing
240,Healthcare
240,Manufacturing
240,Travel
241,Manufacturing
241,E-learning
241,Healthcare
242,Travel
242,Media & Entertainment
243,Manufacturing
244,Legal
245,Retail
246,Finance
246,Healthcare
247,Software
248,E-learning
248,Media & Entertainment
249,Healthcare
250,Media & Entertainment
250,Manufacturing
251,Healthcare
252,Travel
252,Legal
253,Retail
253,Legal
254,Gaming
255,Travel
255,Legal
256,Finance
257,Manufacturing
257,Software
257,Travel
258,Legal
258,Media & Entertainment
259,Travel
259,Software
260,E-learning
261,Retail
262,Manufacturing
262,E-learning
262,Media & Entertainment
263,E-learning
264,Media & Entertainment
265,Finance
265,Manufacturing
265,Retail
266,E-learning
267,Legal
267,Travel
267,Retail
268,Media & Entertainment
268,Gaming
268,Healthcare
269,E-learning
270,Manufacturing
270,Travel
271,Healthcare
271,Finance
272,Travel
272,E-learning
272,Software
273,Software
274,Manufacturing
275,Travel
275,Legal
276,Media & Entertainment
277,Healthcare
277,Manufacturing
277,Travel
278,E-learning
279,Retail
279,Manufacturing
279,Legal
280,Media & Entertainment
280,Retail
280,Legal
281,Manufacturing
282,Gaming
282,E-learning
283,Retail
283,Software
283,Legal
284,Media & Entertainment
284,Finance
285,Software
285,Legal
285,Healthcare
286,Media & Entertainment
286,E-learning
286,Healthcare
287,Finance
287,Software
287,Gaming
288,Software
289,Manufacturing
289,E-learning
290,E-learning
291,Finance
291,E-learning
291,Legal
292,Software
292,Healthcare
292,Finance
293,Manufacturing
293,Legal
293,E-learning
294,Healthcare
294,Legal
295,Manufacturing
295,Travel
295,Media & Entertainment
296,Retail
296,Legal
296,Finance
297,Retail
298,Retail
298,Finance
298,Media & Entertainment
299,Finance
299,Legal
300,Legal
300,Manufacturing
301,Retail
301,Media & Entertainment
301,Gaming
302,Travel
302,E-learning
302,Media & Entertainment
303,Healthcare
303,Retail
304,Retail
305,Gaming
305,Manufacturing
305,Legal
306,Retail
306,Legal
306,Finance
307,Travel
308,Travel
308,Retail
309,Gaming
310,Media & Entertainment
310,Finance
310,Travel
311,Travel
312,Finance
313,Gaming
314,Manufacturing
314,Legal
315,Healthcare
316,Travel
317,E-learning
318,Legal
318,Media & Entertainment
318,Finance
319,Manufacturing
319,Retail
320,Software
320,Gaming
320,Finance
321,Software
321,Healthcare
321,E-learning
322,Software
323,Legal
323,Healthcare
324,Retail
324,Software
324,Travel
325,Media & Entertainment
325,Gaming
326,Retail
326,Legal
327,Travel
327,Media & Entertainment
327,Legal
328,Travel
329,Retail
329,Finance
330,Manufacturing
331,Legal
332,Retail
332,Healthcare
332,Software
333,Manufacturing
333,Retail
333,Finance
334,Media & Entertainment
335,E-learning
335,Media & Entertainment
335,Manufacturing
336,E-learning
337,Gaming
337,Healthcare
337,Travel
338,Manufacturing
338,Finance
339,Retail
340,Finance
340,Legal
341,Manufacturing
341,Retail
342,Media & Entertainment
342,Software
342,Retail
343,Manufacturing
343,Finance
343,Software
344,Gaming
344,Legal
344,Retail
345,E-learning
346,Travel
346,Retail
346,Gaming
347,Retail
347,Manufacturing
347,Finance
348,Healthcare
349,Healthcare
349,Legal
350,Media & Entertainment
350,Manufacturing
350,E-learning
351,Travel
351,Legal
351,Finance
352,Media & Entertainment
353,Travel
354,Travel
354,Manufacturing
355,Media & Entertainment
356,Software
357,Travel
357,Finance
357,Healthcare
358,Manufacturing
359,Legal
359,Gaming
359,Finance
360,Media & Entertainment
360,Legal
360,Gaming
361,Legal
361,Software
361,Media & Entertainment
362,Travel
363,Legal
363,Software
364,Legal
364,Retail
364,Software
365,Retail
365,Software
366,Finance
366,Gaming
366,Software
367,Manufacturing
367,Gaming
368,Software
368,Gaming
368,Legal
369,Retail
370,Healthcare
370,Media & Entertainment
371,E-learning
371,Manufacturing
371,Media & Entertainment
372,E-learning
372,Media & Entertainment
373,Travel
374,Manufacturing
375,Healthcare
376,E-learning
376,Travel
376,Healthcare
377,Finance
377,Software
377,Travel
378,Legal
378,Travel
379,Travel
379,E-learning
380,Finance
381,Manufacturing
381,Healthcare
382,Finance
382,Gaming
383,E-learning
384,Software
384,Finance
384,Travel
385,Gaming
386,Software
386,Legal
386,Media & Entertainment
387,Software
388,Legal
388,Finance
389,Finance
389,Software
389,Healthcare
390,Retail
390,Finance
390,Manufacturing
391,Media & Entertainment
391,Manufacturing
391,Finance
392,Healthcare
392,Travel
393,E-learning
394,Retail
394,Software
395,Media & Entertainment
395,Healthcare
395,E-learning
396,Legal
396,Software
396,Manufacturing
397,E-learning
397,Travel
397,Manufacturing
398,E-learning
398,Media & Entertainment
398,Healthcare
399,E-learning
399,Healthcare
400,Legal
400,Finance
400,Travel
401,Healthcare
401,Legal
402,Travel
403,E-learning
403,Travel
404,Healthcare
404,E-learning
404,Finance
405,Finance
405,Manufacturing
406,Gaming
406,Legal
406,Manufacturing
407,Travel
408,Finance
408,Software
408,Retail
409,Media & Entertainment
409,Software
410,Finance
411,Travel
411,Finance
411,Legal
412,Manufacturing
413,Software
413,Finance
414,Gaming
415,Legal
415,Finance
415,Travel
416,Finance
416,Travel
417,Retail
417,E-learning
418,Travel
418,Manufacturing
419,Retail
419,Manufacturing
420,Legal
420,Media & Entertainment
420,Gaming
421,Legal
421,Manufacturing
421,Finance
422,Manufacturing
422,E-learning
423,Media & Entertainment
424,Healthcare
425,Retail
426,Media & Entertainment
426,E-learning
426,Retail
427,Finance
428,Finance
428,E-learning
429,Finance
429,Legal
429,Manufacturing
430,Legal
430,Media & Entertainment
431,Healthcare
431,Manufacturing
432,Healthcare
433,Travel
433,Legal
433,Healthcare
434,Software
434,Travel
434,Media & Entertainment
435,Software
436,E-learning
437,Finance
438,Healthcare
439,Finance
440,Legal
440,Manufacturing
440,Software
441,Media & Entertainment
441,Legal
441,Travel
442,Software
443,Travel
443,E-learning
443,Software
444,Travel
445,Retail
445,Travel
445,Media & Entertainment
446,Travel
447,E-learning
447,Healthcare
447,Gaming
448,Travel
449,Finance
450,Media & Entertainment
451,Retail
451,Manufacturing
451,Media & Entertainment
452,Gaming
452,Manufacturing
453,Legal
453,Finance
454,Finance
454,Retail
454,Gaming
455,Software
455,Gaming
455,E-learning
456,E-learning
456,Travel
457,Software
457,Media & Entertainment
458,Healthcare
458,Gaming
458,Legal
459,Manufacturing
459,Gaming
460,Software
460,Finance
460,Travel
461,Media & Entertainment
461,Legal
461,Retail
462,Gaming
463,Retail
463,Travel
463,Software
464,Manufacturing
465,Finance
466,Healthcare
466,E-learning
466,Gaming
467,Healthcare
467,Finance
468,E-learning
468,Travel
468,Manufacturing
469,Healthcare
469,Gaming
470,Manufacturing
470,Software
470,Gaming
471,Finance
471,Gaming
472,Media & Entertainment
472,E-learning
473,Software
473,Retail
474,Legal
474,Finance
475,Travel
475,E-learning
476,Healthcare
476,E-learning
477,Media & Entertainment
478,Finance
478,Gaming
479,Retail
480,E-learning
481,Healthcare
481,E-learning
481,Manufacturing
482,Gaming
482,Media & Entertainment
483,Retail
484,Manufacturing
484,Retail
485,Healthcare
486,Healthcare
487,Legal
487,Travel
488,Travel
488,E-learning
488,Gaming
489,Gaming
490,Travel
490,Gaming
491,Media & Entertainment
491,Manufacturing
491,E-learning
492,Retail
493,E-learning
493,Gaming
494,Travel
494,Finance
494,Healthcare
495,E-learning
495,Healthcare
495,Travel
496,Retail
496,Media & Entertainment
497,Healthcare
497,Gaming
498,E-learning
499,E-learning
499,Retail
500,Gaming
500,Manufacturing
